station_key,station_name,charging_station_operator,energy_consumed_kwh_sum,energy_consumed_kwh_mean,charging_duration_hours_mean,charging_rate_kw_mean,sessions_count,popular_vehicle_model,peak_time_of_day,peak_day_of_week,latitude,longitude,city,state,charging_station_location,stations_within_2km,energy_consumed_kwh,charging_duration_hours,state_of_charge_start,state_of_charge_end,avg_soc_delta,weekend_share,sessions_count_norm,energy_consumed_kwh_mean_norm,charging_duration_hours_mean_norm,avg_soc_delta_norm,weekend_share_norm,stations_within_2km_norm,suitability_score
"1059/1060,_adarsh_nagar,_near_infinity_mall,_off_new_link_road,_andheri_west,_mumbai,_maharashtra_400053","1059/1060, Adarsh nagar, near infinity mall, Off New Link Road, Andheri West, Mumbai, Maharashtra 400053",Ather,56.1150925,56.1150925,10.22,5.488039505,3,Hyundai Kona,Night,Friday,19.14207,72.83241,Mumbai,Maharashtra,"1059/1060, Adarsh nagar, near infinity mall, Off New Link Road, Andheri West, Mumbai, Maharashtra 400053",4,34.00520146266667,5.11,29.48259781666667,68.16925771333332,38.686659896666654,0.0,0.2222222222222222,0.4479876491138325,0.4855243576637504,0.7037424698122874,0.0,0.21052631578947367,0.46230954892603293
"1059/1060,_adarsh_nagar,_near_infinity_mall,_off_new_link_road,_andheri_west,_mumbai,_maharashtra_400053","1059/1060, Adarsh nagar, near infinity mall, Off New Link Road, Andheri West, Mumbai, Maharashtra 400053",Tata Power,5.163807088,5.163807088,0.98,5.265203285,3,Hyundai Kona,Night,Friday,19.14207,72.83241,Mumbai,Maharashtra,"1059/1060, Adarsh nagar, near infinity mall, Off New Link Road, Andheri West, Mumbai, Maharashtra 400053",4,34.00520146266667,5.11,29.48259781666667,68.16925771333332,38.686659896666654,0.0,0.2222222222222222,0.0,0.040018392935542484,0.7037424698122874,0.0,0.21052631578947367,0.30576204017475406
"1059/1060,_adarsh_nagar,_near_infinity_mall,_off_new_link_road,_andheri_west,_mumbai,_maharashtra_400053","1059/1060, Adarsh nagar, near infinity mall, Off New Link Road, Andheri West, Mumbai, Maharashtra 400053",Volttic,40.7367048,40.7367048,4.13,9.866759209,3,Hyundai Kona,Night,Friday,19.14207,72.83241,Mumbai,Maharashtra,"1059/1060, Adarsh nagar, near infinity mall, Off New Link Road, Andheri West, Mumbai, Maharashtra 400053",4,34.00520146266667,5.11,29.48259781666667,68.16925771333332,38.686659896666654,0.0,0.2222222222222222,0.3127736364117798,0.19189542636561335,0.7037424698122874,0.0,0.21052631578947367,0.39914315262070604
"12th_road,_above_upadhyaya_nursing_home,_santacruz_east,_mumbai,_maharashtra","12th Road, Above Upadhyaya Nursing Home, Santacruz East, Mumbai, Maharashtra",Tata Power,47.76784734,47.76784734,1.45,32.99434153,1,MG Comet,Night,Thursday,19.0737,72.857,Mumbai,Maharashtra,"12th Road, Above Upadhyaya Nursing Home, Santacruz East, Mumbai, Maharashtra",2,47.76784734,1.45,13.70945351,97.58940532,83.87995181,0.0,0.0,0.3745947463525511,0.06267941062193401,1.0,0.0,0.10526315789473684,0.3841271539661206
"14,_jp_rd,_aram_nagar,_seven_bunglow,_andheri_west","14, JP Rd, Aram Nagar, Seven Bunglow, Andheri West",Jio-bp Pulse,55.30273056,55.30273056,1.48,37.34746081,1,TATA Tiago,Morning,Thursday,19.13030121,72.82229723,Mumbai,Maharashtra,"14, JP Rd, Aram Nagar, Seven Bunglow, Andheri West",5,55.30273056,1.48,71.91664638,88.37524194,16.458595559999992,0.0,0.0,0.4408449811166,0.06412585855936326,0.5580298836642621,0.0,0.2631578947368421,0.3108546294741993
"157,_jeevan_bima_marg,_backbay_reclamation,_churchgate,_mumbai,_maharashtra_400020,_india","157, Jeevan Bima Marg, Backbay Reclamation, Churchgate, Mumbai, Maharashtra 400020, India",EVteQ,32.34799933,32.34799933,2.13,15.17023592,3,TATA Nexon,Morning,Sunday,18.9285,72.8255,Mumbai,Maharashtra,"157, Jeevan Bima Marg, Backbay Reclamation, Churchgate, Mumbai, Maharashtra 400020, India",12,33.549889512,3.39,39.09737056,77.36795881333335,38.270588253333344,0.6666666666666666,0.2222222222222222,0.2390161951180896,0.09546556387033027,0.7010149774740118,0.6666666666666666,0.631578947368421,0.3074937874601718
"157,_jeevan_bima_marg,_backbay_reclamation,_churchgate,_mumbai,_maharashtra_400020,_india","157, Jeevan Bima Marg, Backbay Reclamation, Churchgate, Mumbai, Maharashtra 400020, India",VoltaPoint,8.234584116,8.234584116,0.19,43.81287256,3,TATA Nexon,Morning,Sunday,18.9285,72.8255,Mumbai,Maharashtra,"157, Jeevan Bima Marg, Backbay Reclamation, Churchgate, Mumbai, Maharashtra 400020, India",12,33.549889512,3.39,39.09737056,77.36795881333335,38.270588253333344,0.6666666666666666,0.2222222222222222,0.0269997149356017,0.0019285972499056628,0.7010149774740118,0.6666666666666666,0.631578947368421,0.24513597075250737
"157,_jeevan_bima_marg,_backbay_reclamation,_churchgate,_mumbai,_maharashtra_400020,_india","157, Jeevan Bima Marg, Backbay Reclamation, Churchgate, Mumbai, Maharashtra 400020, India",Volttic,60.06708509,60.06708509,7.85,7.651570047,3,TATA Nexon,Morning,Sunday,18.9285,72.8255,Mumbai,Maharashtra,"157, Jeevan Bima Marg, Backbay Reclamation, Churchgate, Mumbai, Maharashtra 400020, India",12,33.549889512,3.39,39.09737056,77.36795881333335,38.270588253333344,0.6666666666666666,0.2222222222222222,0.4827354254533949,0.3712549706068399,0.7010149774740118,0.6666666666666666,0.631578947368421,0.3960025357176491
"2/7_meghal_industrial_estate,_devidayal_road,_mulund_west,_mumbai,_maharashtra_400080","2/7 Meghal Industrial Estate, Devidayal Road, Mulund West, Mumbai, Maharashtra 400080",ATUM,25.13233553,25.13233553,1.55,16.20549351,2,Hyundai Kona,Afternoon,Friday,19.17674569,72.94574801,Mumbai,Maharashtra,"2/7 Meghal Industrial Estate, Devidayal Road, Mulund West, Mumbai, Maharashtra 400080",7,30.0137244,4.3500000000000005,43.60849945,91.76483726000001,48.15633781000001,0.0,0.1111111111111111,0.1755726875319893,0.06750090374669818,0.7658194567168324,0.0,0.3684210526315789,0.299141911759344
"2/7_meghal_industrial_estate,_devidayal_road,_mulund_west,_mumbai,_maharashtra_400080","2/7 Meghal Industrial Estate, Devidayal Road, Mulund West, Mumbai, Maharashtra 400080",EVteQ,34.89511327,34.89511327,7.15,4.881436199,2,Hyundai Kona,Afternoon,Friday,19.17674569,72.94574801,Mumbai,Maharashtra,"2/7 Meghal Industrial Estate, Devidayal Road, Mulund West, Mumbai, Maharashtra 400080",7,30.0137244,4.3500000000000005,43.60849945,91.76483726000001,48.15633781000001,0.0,0.1111111111111111,0.26141161805548474,0.33750451873349085,0.7658194567168324,0.0,0.3684210526315789,0.3476020058888971
"36,_sv_rd,_santosh_nagar,_bandra_west,_mumbai,_maharashtra_400050","36, SV Rd, Santosh Nagar, Bandra West, Mumbai, Maharashtra 400050",Jio-bp Pulse,98.35057846,49.17528923,5.54,10.2361894375,3,Hyundai Kona,Morning,Friday,19.051601,72.838011,Mumbai,Maharashtra,"36, SV Rd, Santosh Nagar, Bandra West, Mumbai, Maharashtra 400050",4,42.702987766666666,4.03,52.72851018,65.14449255,12.415982369999995,0.6666666666666666,0.2222222222222222,0.38696963696555464,0.2598784794247879,0.5315291675520036,0.6666666666666666,0.21052631578947367,0.3986584627260247
"36,_sv_rd,_santosh_nagar,_bandra_west,_mumbai,_maharashtra_400050","36, SV Rd, Santosh Nagar, Bandra West, Mumbai, Maharashtra 400050",Magenta,29.75838484,29.75838484,1.01,29.38504741,3,Hyundai Kona,Morning,Friday,19.051601,72.838011,Mumbai,Maharashtra,"36, SV Rd, Santosh Nagar, Bandra West, Mumbai, Maharashtra 400050",4,42.702987766666666,4.03,52.72851018,65.14449255,12.415982369999995,0.6666666666666666,0.2222222222222222,0.21624708736927925,0.04146484087297173,0.5315291675520036,0.6666666666666666,0.21052631578947367,0.3341364614717742
"4/5,_enterprise_apartment,_forjet_hill_rd,_tardeo,_mumbai","4/5, Enterprise Apartment, Forjet Hill Rd, Tardeo, Mumbai",Tata Power,75.65384517999999,37.82692259,1.865,20.218992465,2,Hyundai Kona,Afternoon,Friday,18.965,72.8098,Mumbai,Maharashtra,"4/5, Enterprise Apartment, Forjet Hill Rd, Tardeo, Mumbai",6,37.826922589999995,1.865,41.249561545,57.419663045,16.1701015,0.0,0.1111111111111111,0.2871894635857074,0.08268860708970525,0.5561387061449673,0.0,0.3157894736842105,0.3050075003633998
"4_wheeler_parking_area_godrej_one_pirojshanagar,_eastern_express_highway,_vikhroli_u00e2u0080u0093_east,_mumbai_u00e2u0080u0093_400079","4 Wheeler Parking area Godrej One Pirojshanagar, Eastern Express Highway, Vikhroli u00e2u0080u0093 East, Mumbai u00e2u0080u0093 400079",Statiq,39.73385255,39.73385255,1.86,21.39560578,1,TATA Curvv,Morning,Tuesday,19.0925655,72.9223514,Mumbai,Maharashtra,"4 Wheeler Parking area Godrej One Pirojshanagar, Eastern Express Highway, Vikhroli u00e2u0080u0093 East, Mumbai u00e2u0080u0093 400079",5,39.73385255,1.86,55.863615,85.12226222,29.258647219999993,0.0,0.0,0.30395608807608654,0.08244753243346706,0.6419386128256345,0.0,0.2631578947368421,0.29105088297568715
"527,_building_no-2,_sra_cooperative_society,_prabhadevi,_near_ahuja_towers,_mumbai","527, Building No-2, SRA Cooperative Society, Prabhadevi, near Ahuja Towers, Mumbai",VoltaPoint,49.43856017,24.719280085,11.48509206,23.483744045,2,MG Comet,Evening,Monday,19.0161,72.828,Mumbai,Maharashtra,"527, Building No-2, SRA Cooperative Society, Prabhadevi, near Ahuja Towers, Mumbai",13,24.719280085,11.48509206,32.117951745,83.48519054,51.367238795000006,0.5,0.1111111111111111,0.17194090991807975,0.5465206843585876,0.7868680140407289,0.5,0.6842105263157894,0.3019248079630086
"95,_malad,_viaykar_vadi,_malad_west,_mumbai_400064","95, Malad, Viaykar Vadi, Malad West, Mumbai 400064",ATUM,53.9569817,53.9569817,3.02,17.87474459,1,TATA Tiago,Night,Monday,19.1876,72.8436,Mumbai,Maharashtra,"95, Malad, Viaykar Vadi, Malad West, Mumbai 400064",6,53.9569817,3.02,89.97564875,95.03577021,5.060121459999991,0.0,0.0,0.4290125246198885,0.13837685268073124,0.4833089761620951,0.0,0.3157894736842105,0.29621874179472796
"ambernath_station,_thane","Ambernath Station, Thane",ChargeZone,36.86213999,36.86213999,1.41,26.18518786,1,MG Comet,Evening,Friday,19.186,73.1891,Mumbai,Maharashtra,"Ambernath Station, Thane",0,36.86213999,1.41,60.75178076,70.7960969,10.044316139999992,0.0,0.0,0.2787066415060483,0.06075081337202835,0.5159820819120193,0.0,0.0,0.3031490540005178
"andheri_east_metro_station,_mumbai","Andheri East Metro Station, Mumbai",Statiq,68.21954378000001,34.109771890000005,4.7,13.9784404175,2,Hyundai Kona,Evening,Monday,19.1146,72.8696,Mumbai,Maharashtra,"Andheri East Metro Station, Mumbai",17,34.109771890000005,4.7,44.22470312,74.436891995,30.212188874999995,0.0,0.1111111111111111,0.25450652752178937,0.21937793717676907,0.648189405447317,0.0,0.894736842105263,0.23747119898832122
"anik_depot,_municipal_kamgar_vasahat,_trombay_industrial_area,_chembur,_mumbai","Anik Depot, Municipal Kamgar Vasahat, Trombay Industrial Area, Chembur, Mumbai",Tata Power,75.40700954,75.40700954,4.25,17.72970872,1,TATA Curvv,Evening,Sunday,19.0302,72.8927,Mumbai,Maharashtra,"Anik Depot, Municipal Kamgar Vasahat, Trombay Industrial Area, Chembur, Mumbai",4,75.40700954,4.25,32.02965793,101.6052792,69.57562127,1.0,0.0,0.6176112511832162,0.19768121811533035,0.9062302067993678,1.0,0.21052631578947367,0.42852651825882115
"antop_hill_post_office,_mumbai","Antop Hill Post Office, Mumbai",Tata Power,49.73870005,49.73870005,1.51,32.86836958,1,TATA Curvv,Night,Wednesday,19.0165,72.8605,Mumbai,Maharashtra,"Antop Hill Post Office, Mumbai",4,49.73870005,1.51,85.72764732,52.82854415,-32.899103170000004,0.0,0.0,0.3919234097054599,0.0655723064967925,0.23447323836520814,0.0,0.21052631578947367,0.2581301214624044
"anushakti_nagar,_trombay,_mumbai","Anushakti Nagar, Trombay, Mumbai",Magenta,111.40568791,37.13522930333334,1.23,32.09440591,3,Hyundai Kona,Night,Friday,19.037,72.9235,Mumbai,Maharashtra,"Anushakti Nagar, Trombay, Mumbai",1,37.13522930333334,1.23,32.75072882,65.95452003666666,33.203791216666666,0.3333333333333333,0.2222222222222222,0.2811077711044293,0.052072125747452874,0.667800384942804,0.3333333333333333,0.05263157894736842,0.3955372540279457
"apollo_bunder_road,_colaba,_mumbai","Apollo Bunder Road, Colaba, Mumbai",Tata Power,98.18852471,32.72950823666667,10.216666666666669,18.84383125733333,3,Hyundai Kona,Evening,Friday,18.9218,72.8347,Mumbai,Maharashtra,"Apollo Bunder Road, Colaba, Mumbai",13,32.72950823666667,10.216666666666667,47.64098541999999,84.05272132,36.41173590000001,0.6666666666666666,0.2222222222222222,0.24237060073968628,0.4853636412262583,0.6888295626952384,0.6666666666666666,0.6842105263157894,0.33759964754224253
"atria_mall,_dr_annie_besant_rd,_worli,_mumbai","Atria Mall, Dr Annie Besant Rd, Worli, Mumbai",Magenta,121.12626799,60.563133995,5.375,22.1539134255,2,MG Comet,Afternoon,Saturday,19.0085,72.8153,Mumbai,Maharashtra,"Atria Mall, Dr Annie Besant Rd, Worli, Mumbai",7,60.563133995,5.375,55.99651322,91.257795165,35.26128194500001,0.5,0.1111111111111111,0.4870969205756378,0.25192301576892706,0.6812879424044087,0.5,0.3684210526315789,0.3827854540756155
"ballard_estate_parking_lot,_fort,_mumbai","Ballard Estate Parking Lot, Fort, Mumbai",Tata Power,27.04710323,27.04710323,5.98,4.521631542,1,TATA Curvv,Afternoon,Monday,18.9451,72.8354,Mumbai,Maharashtra,"Ballard Estate Parking Lot, Fort, Mumbai",1,27.04710323,5.98,52.03296568,105.6169219,53.58395622,0.0,0.0,0.19240822511628886,0.2810930491737502,0.8013993571151381,0.0,0.05263157894736842,0.3385265279216127
"bandra_kurla_complex,_bandra_east,_mumbai","Bandra Kurla Complex, Bandra East, Mumbai",Volttic,29.34959504,29.34959504,0.97,30.32389572,1,TATA Curvv,Morning,Tuesday,19.0658,72.8687,Mumbai,Maharashtra,"Bandra Kurla Complex, Bandra East, Mumbai",7,29.34959504,0.97,72.60499922,22.27521585,-50.32978337,0.0,0.0,0.2126528153111187,0.03953624362306607,0.12020915077790095,0.0,0.3684210526315789,0.16988504291203457
"bhayandar_west_station_parking,_mumbai","Bhayandar West Station Parking, Mumbai",Magenta,71.48050343,23.826834476666665,1.0933333333333335,26.15100938333333,3,MG Comet,Night,Monday,19.3134,72.8476,Mumbai,Maharashtra,"Bhayandar West Station Parking, Mumbai",0,23.826834476666665,1.0933333333333335,73.43065464,65.79544571,-7.635208930000005,0.3333333333333333,0.2222222222222222,0.16409410866848745,0.0454827518102752,0.4000867308458875,0.3333333333333333,0.0,0.3333625897528103
"borivali_east,_mumbai","Borivali East, Mumbai",EVteQ,27.60438468,27.60438468,2.46,11.23853863,1,TATA Nexon,Morning,Wednesday,19.2365,72.8552,Mumbai,Maharashtra,"Borivali East, Mumbai",6,27.60438468,2.46,65.48688658,65.35209627,-0.13479030999999964,0.0,0.0,0.1973081055542699,0.11137649118205198,0.44925454760940947,0.0,0.3157894736842105,0.2304844365955525
"borivali_west,_mumbai","Borivali West, Mumbai",ATUM,110.37153299,55.185766495,2.51,30.206715,2,TATA Curvv,Afternoon,Friday,19.2298,72.8606,Mumbai,Maharashtra,"Borivali West, Mumbai",5,55.185766494999996,2.51,63.033723045,62.582634305,-0.451088740000003,0.0,0.1111111111111111,0.4398165780824774,0.11378723774443404,0.44718110290762164,0.0,0.2631578947368421,0.3378252384095686
"borosil_plot,off,_makwana_rd,_marol,_andheri_east,_mumbai,_maharashtra","Borosil Plot,off, Makwana Rd, Marol, Andheri East, Mumbai, Maharashtra",Jio-bp Pulse,75.18617181,75.18617181,1.41,53.1747828,3,MG Comet,Morning,Saturday,19.1146146,72.8840941,Mumbai,Maharashtra,"Borosil Plot,off, Makwana Rd, Marol, Andheri East, Mumbai, Maharashtra",15,50.09071587666667,1.7300000000000002,39.979389366666666,77.31860799666667,37.339218630000005,0.3333333333333333,0.2222222222222222,0.6156695420644306,0.06075081337202835,0.6949095301251058,0.3333333333333333,0.7894736842105263,0.3735856215182752
"borosil_plot,off,_makwana_rd,_marol,_andheri_east,_mumbai,_maharashtra","Borosil Plot,off, Makwana Rd, Marol, Andheri East, Mumbai, Maharashtra",Kazam,62.19283346,62.19283346,3.04,20.45251231,3,MG Comet,Morning,Saturday,19.1146146,72.8840941,Mumbai,Maharashtra,"Borosil Plot,off, Makwana Rd, Marol, Andheri East, Mumbai, Maharashtra",15,50.09071587666667,1.7300000000000002,39.979389366666666,77.31860799666667,37.339218630000005,0.3333333333333333,0.2222222222222222,0.5014260042520129,0.13934115130568409,0.6949095301251058,0.3333333333333333,0.7894736842105263,0.35288377085853634
"borosil_plot,off,_makwana_rd,_marol,_andheri_east,_mumbai,_maharashtra","Borosil Plot,off, Makwana Rd, Marol, Andheri East, Mumbai, Maharashtra",Magenta,12.89314236,12.89314236,0.74,17.34136646,3,MG Comet,Morning,Saturday,19.1146146,72.8840941,Mumbai,Maharashtra,"Borosil Plot,off, Makwana Rd, Marol, Andheri East, Mumbai, Maharashtra",15,50.09071587666667,1.7300000000000002,39.979389366666666,77.31860799666667,37.339218630000005,0.3333333333333333,0.2222222222222222,0.06795994860024446,0.028446809436108514,0.6949095301251058,0.3333333333333333,0.7894736842105263,0.23342782275863663
"breach_candy_hospital_complex,_mumbai","Breach Candy Hospital Complex, Mumbai",Magenta,68.82528251,68.82528251,4.06,16.93561005,1,TATA Tiago,Afternoon,Monday,18.9677,72.8055,Mumbai,Maharashtra,"Breach Candy Hospital Complex, Mumbai",5,68.82528251,4.06,70.75160734,55.33183817,-15.41976917000001,0.0,0.0,0.5597416136375414,0.18852038117827843,0.34905626830019576,0.0,0.2631578947368421,0.3216721975617163
"building,_plot_1,_udyog_kshtra,_mulund_goregaon_link_rd,_near_d_mart_mulund,_salpa_devi_pada,_mulund_west,_mumbai,_maharashtra_400080","Building, Plot 1, Udyog Kshtra, Mulund Goregaon Link Rd, near D Mart Mulund, Salpa Devi Pada, Mulund West, Mumbai, Maharashtra 400080",EV Dock,73.37136541,73.37136541,1.61,45.50795122,2,MG Comet,Afternoon,Friday,19.163979,72.938751,Mumbai,Maharashtra,"Building, Plot 1, Udyog Kshtra, Mulund Goregaon Link Rd, near D Mart Mulund, Salpa Devi Pada, Mulund West, Mumbai, Maharashtra 400080",6,65.647907725,3.115,56.199107240000004,58.301172905,2.102065664999998,0.0,0.1111111111111111,0.5997129112128513,0.07039379962155667,0.46391790578676795,0.0,0.3157894736842105,0.36807576146964094
"building,_plot_1,_udyog_kshtra,_mulund_goregaon_link_rd,_near_d_mart_mulund,_salpa_devi_pada,_mulund_west,_mumbai,_maharashtra_400080","Building, Plot 1, Udyog Kshtra, Mulund Goregaon Link Rd, near D Mart Mulund, Salpa Devi Pada, Mulund West, Mumbai, Maharashtra 400080",Kazam,57.92445004,57.92445004,4.62,12.53816191,2,MG Comet,Afternoon,Friday,19.163979,72.938751,Mumbai,Maharashtra,"Building, Plot 1, Udyog Kshtra, Mulund Goregaon Link Rd, near D Mart Mulund, Salpa Devi Pada, Mulund West, Mumbai, Maharashtra 400080",6,65.647907725,3.115,56.199107240000004,58.301172905,2.102065664999998,0.0,0.1111111111111111,0.4638963710272561,0.21552074267695773,0.46391790578676795,0.0,0.3157894736842105,0.3486343207287823
"carnival_cinemas_imax,_anik_wadala_link_rd,_bhakti_park,_wadala,_mumbai,_maharashtra_,worli","Carnival Cinemas Imax, Anik Wadala Link Rd, Bhakti Park, Wadala, Mumbai, Maharashtra ,Worli",Ather,71.97510218,71.97510218,3.04,23.65002521,2,Hyundai Kona,Morning,Monday,19.0313299,72.8809653,Mumbai,Maharashtra,"Carnival Cinemas Imax, Anik Wadala Link Rd, Bhakti Park, Wadala, Mumbai, Maharashtra ,Worli",3,75.973887045,2.585,69.46636473,65.987818055,-3.47854667499999,0.5,0.1111111111111111,0.5874363086326841,0.13934115130568409,0.4273350776990513,0.5,0.15789473684210525,0.3900981323061702
"carnival_cinemas_imax,_anik_wadala_link_rd,_bhakti_park,_wadala,_mumbai,_maharashtra_,worli","Carnival Cinemas Imax, Anik Wadala Link Rd, Bhakti Park, Wadala, Mumbai, Maharashtra ,Worli",Kazam,79.97267191,79.97267191,2.13,37.46218915,2,Hyundai Kona,Morning,Monday,19.0313299,72.8809653,Mumbai,Maharashtra,"Carnival Cinemas Imax, Anik Wadala Link Rd, Bhakti Park, Wadala, Mumbai, Maharashtra ,Worli",3,75.973887045,2.585,69.46636473,65.987818055,-3.47854667499999,0.5,0.1111111111111111,0.6577547006613734,0.09546556387033027,0.4273350776990513,0.5,0.15789473684210525,0.4032901715698072
"central_park_parking,_kharghar,_navi_mumbai","Central Park Parking, Kharghar, Navi Mumbai",Statiq,64.60983161,64.60983161,16.19,3.991359551,1,Hyundai Kona,Morning,Wednesday,19.0418,73.0634,Mumbai,Maharashtra,"Central Park Parking, Kharghar, Navi Mumbai",1,64.60983161,16.19,21.98287037,72.93984362,50.956973250000004,0.0,0.0,0.5226773880076024,0.7733674972121705,0.784178582668571,0.0,0.05263157894736842,0.46773814728129803
"century_bazaar,_prabhadevi,_mumbai","Century Bazaar, Prabhadevi, Mumbai",Magenta,21.81937874,21.81937874,20.89046305,26.50712322,1,TATA Nexon,Evening,Monday,19.0155,72.8275,Mumbai,Maharashtra,"Century Bazaar, Prabhadevi, Mumbai",13,21.81937874,20.89046305,77.21863836,96.77280778,19.554169419999994,0.0,0.0,0.14644361430122327,1.0,0.5783224321255676,0.0,0.6842105263157894,0.27072768944677256
"chakala_metro_station,_mumbai","Chakala Metro Station, Mumbai",Tata Power,36.137269,36.137269,0.99,36.37707579,1,Hyundai Kona,Night,Sunday,19.1088,72.8535,Mumbai,Maharashtra,"Chakala Metro Station, Mumbai",10,36.137269,0.99,48.61219347,95.83119936,47.21900589,1.0,0.0,0.27233323506310825,0.040500542248018905,0.7596749244681562,1.0,0.5263157894736842,0.2571372332397498
"charni_road_east,_mumbai","Charni Road East, Mumbai",Tata Power,58.45649285,29.228246425,1.285,23.822741715,2,TATA Curvv,Night,Friday,18.9545,72.8189,Mumbai,Maharashtra,"Charni Road East, Mumbai",4,29.228246425000002,1.2850000000000001,46.218179895,93.470629885,47.252449989999995,0.5,0.1111111111111111,0.21158586125260018,0.054723946966073155,0.759894162015276,0.5,0.21052631578947367,0.3296629258325166
"chembur_station_east,_mumbai","Chembur Station East, Mumbai",ChargeZone,78.64289917,78.64289917,2.26,34.823951,1,TATA Tiago,Afternoon,Wednesday,19.0549,72.9038,Mumbai,Maharashtra,"Chembur Station East, Mumbai",5,78.64289917,2.26,74.34868091,50.72443431,-23.6242466,0.0,0.0,0.6460627137206877,0.10173350493252366,0.2952731045387722,0.0,0.2631578947368421,0.3265063103937138
"chhatrapati_shivaji_maharaj_terminus_parking,_fort,_mumbai","Chhatrapati Shivaji Maharaj Terminus Parking, Fort, Mumbai",Magenta,26.44403312,26.44403312,0.98,27.1214299,1,TATA Curvv,Morning,Sunday,18.9398,72.8354,Mumbai,Maharashtra,"Chhatrapati Shivaji Maharaj Terminus Parking, Fort, Mumbai",12,26.44403312,0.98,63.48160387,80.47775508,16.996151209999994,1.0,0.0,0.18710574925831785,0.040018392935542484,0.5615537453363184,1.0,0.631578947368421,0.19027449630331833
"chincholi_bunder_road,_new_link_rd,_malad_west,_mumbai,_maharashtra_400064","Chincholi Bunder Road, New Link Rd, Malad West, Mumbai, Maharashtra 400064",Magenta,68.24465321,68.24465321,1.38,49.3612511,2,Hyundai Kona,Evening,Sunday,19.1798,72.8361,Mumbai,Maharashtra,"Chincholi Bunder Road, New Link Rd, Malad West, Mumbai, Maharashtra 400064",5,56.84905103,1.495,38.10708089,77.368930295,39.261849405,0.5,0.1111111111111111,0.554636447928565,0.059304365434599104,0.7075130343344626,0.5,0.2631578947368421,0.40013170835413314
"chincholi_bunder_road,_new_link_rd,_malad_west,_mumbai,_maharashtra_400064","Chincholi Bunder Road, New Link Rd, Malad West, Mumbai, Maharashtra 400064",Tata Power,45.45344885,45.45344885,1.61,28.19404206,2,Hyundai Kona,Evening,Sunday,19.1798,72.8361,Mumbai,Maharashtra,"Chincholi Bunder Road, New Link Rd, Malad West, Mumbai, Maharashtra 400064",5,56.84905103,1.495,38.10708089,77.368930295,39.261849405,0.5,0.1111111111111111,0.35424546703086557,0.07039379962155667,0.7075130343344626,0.5,0.2631578947368421,0.3511429065484041
"colaba_causeway,_near_regal_cinema,_mumbai","Colaba Causeway, Near Regal Cinema, Mumbai",Tata Power,24.40113304,24.40113304,0.78,31.11524448,1,TATA Curvv,Afternoon,Tuesday,18.9216,72.8326,Mumbai,Maharashtra,"Colaba Causeway, Near Regal Cinema, Mumbai",13,24.40113304,0.78,65.98351537,51.25486777,-14.72864760000001,0.0,0.0,0.16914361156516136,0.030375406686014177,0.3535868072523106,0.0,0.6842105263157894,0.14572988570036993
"cotton_green_railyard,_mumbai","Cotton Green Railyard, Mumbai",Tata Power,40.40178309,20.200891545,1.343764489,31.189122175,2,Hyundai Kona,Evening,Friday,18.991,72.8485,Mumbai,Maharashtra,"Cotton Green Railyard, Mumbai",3,20.200891545,1.343764489,23.467177704999997,88.88248501999999,65.41530731499999,0.5,0.1111111111111111,0.1322131141726019,0.05755727276301095,0.8789579218001389,0.5,0.15789473684210525,0.3358573724520455
"cr2_mall_parking,_nariman_point,_mumbai,_mh_400021","CR2 Mall Parking, Nariman Point, Mumbai, MH 400021",Tata Power,67.45124177,67.45124177,1.5,45.01922284,1,MG Comet,Evening,Friday,18.9255,72.8234,Mumbai,Maharashtra,"CR2 Mall Parking, Nariman Point, Mumbai, MH 400021",13,67.45124177,1.5,36.06774243,61.52733401,25.459591579999994,0.0,0.0,0.5476604016343157,0.0650901571843161,0.6170344999960036,0.0,0.6842105263157894,0.2833477121790427
"cr_-_lokmanya_tilak_station,_kurla,_outside_platform_1,_beside_ltt_pay_and_park,_ltt_station,_pipeline_rd,_tilak_nagar,_kurla,_mumbai,_maharashtra_400089","CR - Lokmanya Tilak Station, Kurla, Outside Platform 1, Beside LTT Pay and Park, LTT Station, Pipeline Rd, Tilak Nagar, Kurla, Mumbai, Maharashtra 400089",ATUM,67.835585244,33.917792622,8.03329755,33.91169752,10,TATA Tiago,Evening,Friday,19.068262,72.890964,Mumbai,Maharashtra,"CR - Lokmanya Tilak Station, Kurla, Outside Platform 1, Beside LTT Pay and Park, LTT Station, Pipeline Rd, Tilak Nagar, Kurla, Mumbai, Maharashtra 400089",5,49.9052843484,3.8766595100000005,45.96439937,78.61113063399999,32.64673126399999,0.5,1.0,0.25281855556476274,0.38009264937795106,0.6641486658766206,0.5,0.2631578947368421,0.6613625194999525
"cr_-_lokmanya_tilak_station,_kurla,_outside_platform_1,_beside_ltt_pay_and_park,_ltt_station,_pipeline_rd,_tilak_nagar,_kurla,_mumbai,_maharashtra_400089","CR - Lokmanya Tilak Station, Kurla, Outside Platform 1, Beside LTT Pay and Park, LTT Station, Pipeline Rd, Tilak Nagar, Kurla, Mumbai, Maharashtra 400089",Ather,45.81366157,45.81366157,2.64,17.3546406,10,TATA Tiago,Evening,Friday,19.068262,72.890964,Mumbai,Maharashtra,"CR - Lokmanya Tilak Station, Kurla, Outside Platform 1, Beside LTT Pay and Park, LTT Station, Pipeline Rd, Tilak Nagar, Kurla, Mumbai, Maharashtra 400089",5,49.9052843484,3.8766595100000005,45.96439937,78.61113063399999,32.64673126399999,0.5,1.0,0.3574126265698022,0.12005517880662747,0.6641486658766206,0.5,0.2631578947368421,0.66150729019408
"cr_-_lokmanya_tilak_station,_kurla,_outside_platform_1,_beside_ltt_pay_and_park,_ltt_station,_pipeline_rd,_tilak_nagar,_kurla,_mumbai,_maharashtra_400089","CR - Lokmanya Tilak Station, Kurla, Outside Platform 1, Beside LTT Pay and Park, LTT Station, Pipeline Rd, Tilak Nagar, Kurla, Mumbai, Maharashtra 400089",ChargeZone,71.28000416,71.28000416,1.75,40.61639923,10,TATA Tiago,Evening,Friday,19.068262,72.890964,Mumbai,Maharashtra,"CR - Lokmanya Tilak Station, Kurla, Outside Platform 1, Beside LTT Pay and Park, LTT Station, Pipeline Rd, Tilak Nagar, Kurla, Mumbai, Maharashtra 400089",5,49.9052843484,3.8766595100000005,45.96439937,78.61113063399999,32.64673126399999,0.5,1.0,0.5813246801356702,0.07714388999622648,0.6641486658766206,0.5,0.2631578947368421,0.713194174704507
"cr_-_lokmanya_tilak_station,_kurla,_outside_platform_1,_beside_ltt_pay_and_park,_ltt_station,_pipeline_rd,_tilak_nagar,_kurla,_mumbai,_maharashtra_400089","CR - Lokmanya Tilak Station, Kurla, Outside Platform 1, Beside LTT Pay and Park, LTT Station, Pipeline Rd, Tilak Nagar, Kurla, Mumbai, Maharashtra 400089",EV Point,93.0603842,46.5301921,1.44,28.60730485,10,TATA Tiago,Evening,Friday,19.068262,72.890964,Mumbai,Maharashtra,"CR - Lokmanya Tilak Station, Kurla, Outside Platform 1, Beside LTT Pay and Park, LTT Station, Pipeline Rd, Tilak Nagar, Kurla, Mumbai, Maharashtra 400089",5,49.9052843484,3.8766595100000005,45.96439937,78.61113063399999,32.64673126399999,0.5,1.0,0.3637126997682968,0.0621972613094576,0.6641486658766206,0.5,0.2631578947368421,0.6572965167439867
"cr_-_lokmanya_tilak_station,_kurla,_outside_platform_1,_beside_ltt_pay_and_park,_ltt_station,_pipeline_rd,_tilak_nagar,_kurla,_mumbai,_maharashtra_400089","CR - Lokmanya Tilak Station, Kurla, Outside Platform 1, Beside LTT Pay and Park, LTT Station, Pipeline Rd, Tilak Nagar, Kurla, Mumbai, Maharashtra 400089",Jio-bp Pulse,72.28811626000001,36.144058130000005,1.845,23.88943474,10,TATA Tiago,Evening,Friday,19.068262,72.890964,Mumbai,Maharashtra,"CR - Lokmanya Tilak Station, Kurla, Outside Platform 1, Beside LTT Pay and Park, LTT Station, Pipeline Rd, Tilak Nagar, Kurla, Mumbai, Maharashtra 400089",5,49.9052843484,3.8766595100000005,45.96439937,78.61113063399999,32.64673126399999,0.5,1.0,0.27239292828504824,0.08172430846475243,0.6641486658766206,0.5,0.2631578947368421,0.6364192785887041
"cr_-_lokmanya_tilak_station,_kurla,_outside_platform_1,_beside_ltt_pay_and_park,_ltt_station,_pipeline_rd,_tilak_nagar,_kurla,_mumbai,_maharashtra_400089","CR - Lokmanya Tilak Station, Kurla, Outside Platform 1, Beside LTT Pay and Park, LTT Station, Pipeline Rd, Tilak Nagar, Kurla, Mumbai, Maharashtra 400089",Statiq,71.14274636,71.14274636,4.8,14.82991098,10,TATA Tiago,Evening,Friday,19.068262,72.890964,Mumbai,Maharashtra,"CR - Lokmanya Tilak Station, Kurla, Outside Platform 1, Beside LTT Pay and Park, LTT Station, Pipeline Rd, Tilak Nagar, Kurla, Mumbai, Maharashtra 400089",5,49.9052843484,3.8766595100000005,45.96439937,78.61113063399999,32.64673126399999,0.5,1.0,0.5801178450451063,0.2241994303015332,0.6641486658766206,0.5,0.2631578947368421,0.7275980199623967
"cr_-_lokmanya_tilak_station,_kurla,_outside_platform_1,_beside_ltt_pay_and_park,_ltt_station,_pipeline_rd,_tilak_nagar,_kurla,_mumbai,_maharashtra_400089","CR - Lokmanya Tilak Station, Kurla, Outside Platform 1, Beside LTT Pay and Park, LTT Station, Pipeline Rd, Tilak Nagar, Kurla, Mumbai, Maharashtra 400089",VoltaPoint,77.63234569,77.63234569,6.94,11.17901456,10,TATA Tiago,Evening,Friday,19.068262,72.890964,Mumbai,Maharashtra,"CR - Lokmanya Tilak Station, Kurla, Outside Platform 1, Beside LTT Pay and Park, LTT Station, Pipeline Rd, Tilak Nagar, Kurla, Mumbai, Maharashtra 400089",5,49.9052843484,3.8766595100000005,45.96439937,78.61113063399999,32.64673126399999,0.5,1.0,0.6371774525511552,0.3273793831714861,0.6641486658766206,0.5,0.2631578947368421,0.7521809171259042
"d298,_ttc_industrial_area,_turbhe","D298, TTC Industrial area, turbhe",Kazam,27.70606779,27.70606779,0.61,45.32674459,2,Hyundai Kona,Afternoon,Tuesday,19.06895357,73.02251015,Mumbai,Maharashtra,"D298, TTC Industrial area, turbhe",3,17.34241957,0.4,35.157280390000004,88.70365568,53.54637528999999,0.0,0.1111111111111111,0.1982021512497835,0.02217886837391511,0.8011530012283992,0.0,0.15789473684210525,0.33714605319667035
"d298,_ttc_industrial_area,_turbhe","D298, TTC Industrial area, turbhe",Tata Power,6.97877135,6.97877135,0.19,35.78892354,2,Hyundai Kona,Afternoon,Tuesday,19.06895357,73.02251015,Mumbai,Maharashtra,"D298, TTC Industrial area, turbhe",3,17.34241957,0.4,35.157280390000004,88.70365568,53.54637528999999,0.0,0.1111111111111111,0.015958018848480422,0.0019285972499056628,0.8011530012283992,0.0,0.15789473684210525,0.28955999298394364
"dahisar_check_naka_parking,_mumbai","Dahisar Check Naka Parking, Mumbai",VoltaPoint,83.45776887,41.728884435,1.475,33.958801385,2,Hyundai Kona,Night,Thursday,19.2567,72.8572,Mumbai,Maharashtra,"Dahisar Check Naka Parking, Mumbai",1,41.728884435,1.475,67.232897275,75.07548801,7.842590735000002,0.0,0.1111111111111111,0.32149734610012437,0.06388478390312506,0.5015490166711047,0.0,0.05263157894736842,0.34298931946279293
"dahisar_east_station,_mumbai","Dahisar East Station, Mumbai",ChargeZone,124.873987465,41.624662488333335,1.2933333333333332,37.65392366,3,Hyundai Kona,Afternoon,Friday,19.2505,72.8591,Mumbai,Maharashtra,"Dahisar East Station, Mumbai",6,41.624662488333335,1.2933333333333332,64.69776136,81.19510066333333,16.497339303333334,0.3333333333333333,0.2222222222222222,0.320580977759351,0.0551257380598035,0.5582838621912561,0.3333333333333333,0.3157894736842105,0.3498097542996527
"devidas_lane,_shanti_ashram_borivali_west,_near_st.lawrence_high_school,_mumbai,_maharashtra_,borivali","Devidas Lane, Shanti Ashram Borivali West, Near St.Lawrence High School, Mumbai, Maharashtra ,Borivali",ChargeZone,42.0179595,42.0179595,3.16,13.30298668,3,MG Comet,Evening,Wednesday,19.2402364,72.8481819,Mumbai,Maharashtra,"Devidas Lane, Shanti Ashram Borivali West, Near St.Lawrence High School, Mumbai, Maharashtra ,Borivali",4,54.07291918666667,2.893333333333333,58.25285268333334,70.58767889333333,12.334826209999996,0.3333333333333333,0.2222222222222222,0.32403902994067135,0.14512694305540108,0.5309971610859284,0.3333333333333333,0.21052631578947367,0.37137085636295386
"devidas_lane,_shanti_ashram_borivali_west,_near_st.lawrence_high_school,_mumbai,_maharashtra_,borivali","Devidas Lane, Shanti Ashram Borivali West, Near St.Lawrence High School, Mumbai, Maharashtra ,Borivali",Magenta,45.6603132,45.6603132,1.12,40.67941804,3,MG Comet,Evening,Wednesday,19.2402364,72.8481819,Mumbai,Maharashtra,"Devidas Lane, Shanti Ashram Borivali West, Near St.Lawrence High School, Mumbai, Maharashtra ,Borivali",4,54.07291918666667,2.893333333333333,58.25285268333334,70.58767889333333,12.334826209999996,0.3333333333333333,0.2222222222222222,0.3560643156250197,0.04676848331021231,0.5309971610859284,0.3333333333333333,0.21052631578947367,0.3695413318095221
"devidas_lane,_shanti_ashram_borivali_west,_near_st.lawrence_high_school,_mumbai,_maharashtra_,borivali","Devidas Lane, Shanti Ashram Borivali West, Near St.Lawrence High School, Mumbai, Maharashtra ,Borivali",VoltaPoint,74.54048486,74.54048486,4.4,16.93586894,3,MG Comet,Evening,Wednesday,19.2402364,72.8481819,Mumbai,Maharashtra,"Devidas Lane, Shanti Ashram Borivali West, Near St.Lawrence High School, Mumbai, Maharashtra ,Borivali",4,54.07291918666667,2.893333333333333,58.25285268333334,70.58767889333333,12.334826209999996,0.3333333333333333,0.2222222222222222,0.6099923589187065,0.2049134578024766,0.5309971610859284,0.3333333333333333,0.21052631578947367,0.4488378400821702
"diamond_garden,_chembur,_mumbai","Diamond Garden, Chembur, Mumbai",Magenta,66.17491556,66.17491556,16.16,4.096052506,1,Hyundai Kona,Night,Wednesday,19.0458,72.8991,Mumbai,Maharashtra,"Diamond Garden, Chembur, Mumbai",6,66.17491556,16.16,57.51855751,59.21834421,1.699786699999997,0.0,0.0,0.5364383417059592,0.7719210492747411,0.46128082918597696,0.0,0.3157894736842105,0.3831253936792289
"dombivli_east_railway_parking,_thane","Dombivli East Railway Parking, Thane",Tata Power,123.19582462,61.59791231,7.0464699175,26.50712322,2,TATA Nexon,Evening,Friday,19.2188,73.0935,Mumbai,Maharashtra,"Dombivli East Railway Parking, Thane",2,61.59791231,7.0464699175,37.71968578,61.069875804999995,23.350190024999996,0.5,0.1111111111111111,0.49619517788047984,0.33251282292369067,0.6032066492597299,0.5,0.10526315789473684,0.4208804893561269
"dr_ambedkar_rd,_parel,_mumbai","Dr Ambedkar Rd, Parel, Mumbai",Kazam,45.0685333,45.0685333,1.1,41.03311514,2,Hyundai Kona,Afternoon,Friday,19.0094,72.8394,Mumbai,Maharashtra,"Dr Ambedkar Rd, Parel, Mumbai",11,51.396456380000004,6.984999999999999,46.767209365,85.8528673,39.085657935,0.5,0.1111111111111111,0.35086110859991526,0.04580418468525948,0.7063580388133919,0.5,0.5789473684210527,0.3002961850662445
"dr_ambedkar_rd,_parel,_mumbai","Dr Ambedkar Rd, Parel, Mumbai",VoltaPoint,57.72437946,57.72437946,12.87,4.485647105,2,Hyundai Kona,Afternoon,Friday,19.0094,72.8394,Mumbai,Maharashtra,"Dr Ambedkar Rd, Parel, Mumbai",11,51.396456380000004,6.984999999999999,46.767209365,85.8528673,39.085657935,0.5,0.1111111111111111,0.4621372564521029,0.6132939254700004,0.7063580388133919,0.5,0.5789473684210527,0.3848641961077655
"eastern_express_hwy,_near_viviana_mall,_thane,_mumbai","Eastern Express Hwy, Near Viviana Mall, Thane, Mumbai",Kazam,168.95018977,56.31672992333333,3.1133333333333333,23.247830170666663,3,Hyundai Kona,Afternoon,Thursday,19.1866,72.9728,Mumbai,Maharashtra,"Eastern Express Hwy, Near Viviana Mall, Thane, Mumbai",2,56.316729923333334,3.1133333333333333,52.81617248,62.00615435333333,9.18998187333333,0.0,0.2222222222222222,0.4497605401120093,0.14287691293051114,0.510381627749867,0.0,0.10526315789473684,0.4152733745771008
"entrance_gate_3,_phoenix_market_city,_lal_bahadur_shastri_rd,_kurla_west,_mumbai","Entrance Gate 3, Phoenix Market City, Lal Bahadur Shastri Rd, Kurla West, Mumbai",ChargeZone,36.70152016,36.70152016,1.92,19.12193264,1,TATA Curvv,Evening,Sunday,19.0751,72.8893,Mumbai,Maharashtra,"Entrance Gate 3, Phoenix Market City, Lal Bahadur Shastri Rd, Kurla West, Mumbai",11,36.70152016,1.92,26.34819844,95.16288707,68.81468862999999,1.0,0.0,0.2772943964672643,0.08534042830832554,0.9012420323375931,1.0,0.5789473684210527,0.27620184153512967
"fortune_cars,_navi_mumbai,_plot_no._d-400,_ttc_industrial_area,_midc,_near_uran_phata_signal,_nerul,_navi_mumbai,_maharashtra_-_400706","Fortune Cars, Navi Mumbai, Plot No. D-400, TTC Industrial Area, MIDC, Near Uran Phata Signal, Nerul, Navi Mumbai, Maharashtra - 400706",ChargeZone,148.30855501,49.43618500333333,1.2933333333333332,35.99266549666667,10,TATA Tiago,Evening,Friday,19.03639,73.029907,Mumbai,Maharashtra,"Fortune Cars, Navi Mumbai, Plot No. D-400, TTC Industrial Area, MIDC, Near Uran Phata Signal, Nerul, Navi Mumbai, Maharashtra - 400706",2,49.9052843484,3.0575988648,45.96439937,78.61113063399999,32.64673126399999,0.5,1.0,0.38926355522913214,0.0551257380598035,0.6641486658766206,0.5,0.10526315789473684,0.6866612888105459
"fortune_cars,_navi_mumbai,_plot_no._d-400,_ttc_industrial_area,_midc,_near_uran_phata_signal,_nerul,_navi_mumbai,_maharashtra_-_400706","Fortune Cars, Navi Mumbai, Plot No. D-400, TTC Industrial Area, MIDC, Near Uran Phata Signal, Nerul, Navi Mumbai, Maharashtra - 400706",EVteQ,62.04623037,62.04623037,3.34,18.56265579,10,TATA Tiago,Evening,Friday,19.03639,73.029907,Mumbai,Maharashtra,"Fortune Cars, Navi Mumbai, Plot No. D-400, TTC Industrial Area, MIDC, Near Uran Phata Signal, Nerul, Navi Mumbai, Maharashtra - 400706",2,49.9052843484,3.0575988648,45.96439937,78.61113063399999,32.64673126399999,0.5,1.0,0.5001370009793603,0.15380563067997655,0.6641486658766206,0.5,0.10526315789473684,0.7242476395101202
"fortune_cars,_navi_mumbai,_plot_no._d-400,_ttc_industrial_area,_midc,_near_uran_phata_signal,_nerul,_navi_mumbai,_maharashtra_-_400706","Fortune Cars, Navi Mumbai, Plot No. D-400, TTC Industrial Area, MIDC, Near Uran Phata Signal, Nerul, Navi Mumbai, Maharashtra - 400706",Magenta,165.33615637999998,55.11205212666666,4.193333333333333,15.259341419999998,10,TATA Tiago,Evening,Friday,19.03639,73.029907,Mumbai,Maharashtra,"Fortune Cars, Navi Mumbai, Plot No. D-400, TTC Industrial Area, MIDC, Near Uran Phata Signal, Nerul, Navi Mumbai, Maharashtra - 400706",2,49.9052843484,3.0575988648,45.96439937,78.61113063399999,32.64673126399999,0.5,1.0,0.43916844670937205,0.194949038677964,0.6641486658766206,0.5,0.10526315789473684,0.7131198417424219
"fortune_cars,_navi_mumbai,_plot_no._d-400,_ttc_industrial_area,_midc,_near_uran_phata_signal,_nerul,_navi_mumbai,_maharashtra_-_400706","Fortune Cars, Navi Mumbai, Plot No. D-400, TTC Industrial Area, MIDC, Near Uran Phata Signal, Nerul, Navi Mumbai, Maharashtra - 400706",Tata Power,71.28000416,71.28000416,1.75,40.61639923,10,TATA Tiago,Evening,Friday,19.03639,73.029907,Mumbai,Maharashtra,"Fortune Cars, Navi Mumbai, Plot No. D-400, TTC Industrial Area, MIDC, Near Uran Phata Signal, Nerul, Navi Mumbai, Maharashtra - 400706",2,49.9052843484,3.0575988648,45.96439937,78.61113063399999,32.64673126399999,0.5,1.0,0.5813246801356702,0.07714388999622648,0.6641486658766206,0.5,0.10526315789473684,0.7368783852308227
"fortune_cars,_navi_mumbai,_plot_no._d-400,_ttc_industrial_area,_midc,_near_uran_phata_signal,_nerul,_navi_mumbai,_maharashtra_-_400706","Fortune Cars, Navi Mumbai, Plot No. D-400, TTC Industrial Area, MIDC, Near Uran Phata Signal, Nerul, Navi Mumbai, Maharashtra - 400706",VoltaPoint,6.268235994,6.268235994,6.385988648,26.50712322,10,TATA Tiago,Evening,Friday,19.03639,73.029907,Mumbai,Maharashtra,"Fortune Cars, Navi Mumbai, Plot No. D-400, TTC Industrial Area, MIDC, Near Uran Phata Signal, Nerul, Navi Mumbai, Maharashtra - 400706",2,49.9052843484,3.0575988648,45.96439937,78.61113063399999,32.64673126399999,0.5,1.0,0.009710658037604167,0.30066776392439315,0.6641486658766206,0.5,0.10526315789473684,0.6163272670991229
"fortune_cars,_navi_mumbai,_plot_no._d-400,_ttc_industrial_area,_midc,_near_uran_phata_signal,_nerul,_navi_mumbai,_maharashtra_-_400706","Fortune Cars, Navi Mumbai, Plot No. D-400, TTC Industrial Area, MIDC, Near Uran Phata Signal, Nerul, Navi Mumbai, Maharashtra - 400706",Volttic,45.81366157,45.81366157,2.64,17.3546406,10,TATA Tiago,Evening,Friday,19.03639,73.029907,Mumbai,Maharashtra,"Fortune Cars, Navi Mumbai, Plot No. D-400, TTC Industrial Area, MIDC, Near Uran Phata Signal, Nerul, Navi Mumbai, Maharashtra - 400706",2,49.9052843484,3.0575988648,45.96439937,78.61113063399999,32.64673126399999,0.5,1.0,0.3574126265698022,0.12005517880662747,0.6641486658766206,0.5,0.10526315789473684,0.6851915007203958
"g-603/604,_vasari_hill_rd,_malad,_sunder_nagar,_goregaon_west,_mumbai","G-603/604, Vasari Hill Rd, Malad, Sunder Nagar, Goregaon West, Mumbai",EV Dock,79.00225971,79.00225971,2.93,26.97742286,1,Hyundai Kona,Night,Friday,19.1787,72.8446,Mumbai,Maharashtra,"G-603/604, Vasari Hill Rd, Malad, Sunder Nagar, Goregaon West, Mumbai",9,79.00225971,2.93,22.53375157,93.2978301,70.76407853,0.0,0.0,0.6492223804925286,0.1340375088684435,0.9140209517899398,0.0,0.47368421052631576,0.39175985719952017
"gala_no14_a,_kbm_compound,_military_road,_raje_shivaji_nagar,_marol,_andheri_east,_400072","Gala No14 A, KBM compound, military road, raje shivaji nagar, marol, andheri east, 400072",VoltaPoint,62.42036137,62.42036137,2.09,29.9083034,1,Hyundai Kona,Night,Thursday,19.12012455,72.88724762,Mumbai,Maharashtra,"Gala No14 A, KBM compound, military road, raje shivaji nagar, marol, andheri east, 400072",17,62.42036137,2.09,119.0511075,50.38374048,-68.66736702,0.0,0.0,0.5034265365778309,0.0935369666204246,0.0,0.0,0.894736842105263,0.15099980449071074
"gd_ambekar_marg,_lal_baug,_parel,_mumbai,_maharashtra","GD Ambekar Marg, Lal Baug, Parel, Mumbai, Maharashtra",EVteQ,33.39817876,33.39817876,2.32,14.42092922,1,TATA Nexon,Morning,Tuesday,18.9917205,72.841513,Mumbai,Maharashtra,"GD Ambekar Marg, Lal Baug, Parel, Mumbai, Maharashtra",13,33.39817876,2.32,23.34413923,68.13930115,44.79516192,0.0,0.0,0.24824986626473747,0.10462640080738216,0.7437857958450491,0.0,0.6842105263157894,0.23146139707631153
"ghansoli_station_east,_navi_mumbai","Ghansoli Station East, Navi Mumbai",Volttic,67.17701749,33.588508745,1.48,22.72673073,2,Hyundai Kona,Afternoon,Saturday,19.1339,73.0011,Mumbai,Maharashtra,"Ghansoli Station East, Navi Mumbai",0,33.588508745,1.48,31.707688375,83.28353157500001,51.57584320000001,0.5,0.1111111111111111,0.24992333695044341,0.06412585855936326,0.7882354874686459,0.5,0.0,0.3760176321027329
"ghatkopar_east,_mumbai","Ghatkopar East, Mumbai",ATUM,48.50288659,48.50288659,1.11,43.60970746,3,Hyundai Kona,Night,Monday,19.0836,72.9136,Mumbai,Maharashtra,"Ghatkopar East, Mumbai",2,37.055208130000004,2.83,47.31698446666667,80.33355842333333,33.01657395666666,0.3333333333333333,0.2222222222222222,0.38105755691662646,0.04628633399773589,0.6665731115863406,0.3333333333333333,0.10526315789473684,0.4118672934604485
"ghatkopar_east,_mumbai","Ghatkopar East, Mumbai",Statiq,62.6627378,31.3313689,3.69,9.8925880285,3,Hyundai Kona,Night,Monday,19.0836,72.9136,Mumbai,Maharashtra,"Ghatkopar East, Mumbai",2,37.055208130000004,2.83,47.31698446666667,80.33355842333333,33.01657395666666,0.3333333333333333,0.2222222222222222,0.23007750254791118,0.17068085661665108,0.6665731115863406,0.3333333333333333,0.10526315789473684,0.3865617321301612
"gut_no.151/2,_village_-_ajivali,_taluka_-_panvel,_raigad,_ajivali,_410216","GUT NO.151/2, VILLAGE - AJIVALI, TALUKA - PANVEL, RAIGAD, AJIVALI, 410216",Kazam,8.349591228,8.349591228,0.18,47.48218949,2,Hyundai Kona,Evening,Monday,18.9563188,73.1626506,Mumbai,Maharashtra,"GUT NO.151/2, VILLAGE - AJIVALI, TALUKA - PANVEL, RAIGAD, AJIVALI, 410216",0,26.961779444,2.145,44.514056055,75.1015498,30.587493745000003,0.5,0.1111111111111111,0.028010911519154746,0.001446447937429247,0.6506496576030316,0.5,0.0,0.2936337102028752
"gut_no.151/2,_village_-_ajivali,_taluka_-_panvel,_raigad,_ajivali,_410216","GUT NO.151/2, VILLAGE - AJIVALI, TALUKA - PANVEL, RAIGAD, AJIVALI, 410216",Tata Power,45.57396766,45.57396766,4.11,11.089827,2,Hyundai Kona,Evening,Monday,18.9563188,73.1626506,Mumbai,Maharashtra,"GUT NO.151/2, VILLAGE - AJIVALI, TALUKA - PANVEL, RAIGAD, AJIVALI, 410216",0,26.961779444,2.145,44.514056055,75.1015498,30.587493745000003,0.5,0.1111111111111111,0.35530512505380496,0.19093112774066054,0.6506496576030316,0.5,0.0,0.3944057315668609
"hiranandani_gardens,_powai,_mumbai","Hiranandani Gardens, Powai, Mumbai",Ather,213.12059449,71.04019816333333,4.036666666666666,18.24725944,3,Hyundai Kona,Evening,Friday,19.1206,72.9188,Mumbai,Maharashtra,"Hiranandani Gardens, Powai, Mumbai",17,71.04019816333333,4.036666666666666,44.698859260000006,79.01310755333334,34.314248293333335,0.3333333333333333,0.2222222222222222,0.5792161931010172,0.18739536611583346,0.6750798119768785,0.3333333333333333,0.894736842105263,0.3583728081453577
"indraprastha_mall,_borivali_west,_mumbai","Indraprastha Mall, Borivali West, Mumbai",Tata Power,8.115370261,8.115370261,14.42669236,26.50712322,1,MG Comet,Evening,Saturday,19.233,72.8552,Mumbai,Maharashtra,"Indraprastha Mall, Borivali West, Mumbai",6,8.115370261,14.42669236,22.18992507,99.62809793,77.43817286,1.0,0.0,0.025951530690368332,0.6883497405811294,0.9577719293960272,1.0,0.3157894736842105,0.3216202250874775
"inorbit_mall,_goregaon_west,_mumbai","Inorbit Mall, Goregaon West, Mumbai",Jio-bp Pulse,42.51736092,42.51736092,1.07,39.91263736,1,TATA Curvv,Morning,Saturday,19.1643,72.8346,Mumbai,Maharashtra,"Inorbit Mall, Goregaon West, Mumbai",4,42.51736092,1.07,88.94643474,63.74334492,-25.203089820000002,1.0,0.0,0.3284300019505202,0.04435773674783023,0.2849232456745893,1.0,0.21052631578947367,0.24770281364518038
"iocl_sahara_hospitality,_vile_parle,_opp._domestic_airport,_navpada,_vile_parle_east,_vile_parle,_mumbai,_maharashtra_400099","IOCL Sahara Hospitality, Vile Parle, opp. Domestic Airport, Navpada, Vile Parle East, Vile Parle, Mumbai, Maharashtra 400099",ATUM,76.49931987,76.49931987,2.04,37.44551098,10,TATA Tiago,Evening,Friday,19.094122,72.85223,Mumbai,Maharashtra,"IOCL Sahara Hospitality, Vile Parle, opp. Domestic Airport, Navpada, Vile Parle East, Vile Parle, Mumbai, Maharashtra 400099",1,49.9052843484,3.2421092258999997,45.96439937,78.61113063399999,32.64673126399999,0.5,1.0,0.627215357004739,0.09112622005804254,0.6641486658766206,0.5,0.05263157894736842,0.7576440242963767
"iocl_sahara_hospitality,_vile_parle,_opp._domestic_airport,_navpada,_vile_parle_east,_vile_parle,_mumbai,_maharashtra_400099","IOCL Sahara Hospitality, Vile Parle, opp. Domestic Airport, Navpada, Vile Parle East, Vile Parle, Mumbai, Maharashtra 400099",ChargeZone,45.81366157,45.81366157,2.64,17.3546406,10,TATA Tiago,Evening,Friday,19.094122,72.85223,Mumbai,Maharashtra,"IOCL Sahara Hospitality, Vile Parle, opp. Domestic Airport, Navpada, Vile Parle East, Vile Parle, Mumbai, Maharashtra 400099",1,49.9052843484,3.2421092258999997,45.96439937,78.61113063399999,32.64673126399999,0.5,1.0,0.3574126265698022,0.12005517880662747,0.6641486658766206,0.5,0.05263157894736842,0.6930862375625011
"iocl_sahara_hospitality,_vile_parle,_opp._domestic_airport,_navpada,_vile_parle_east,_vile_parle,_mumbai,_maharashtra_400099","IOCL Sahara Hospitality, Vile Parle, opp. Domestic Airport, Navpada, Vile Parle East, Vile Parle, Mumbai, Maharashtra 400099",EV Point,67.835585244,33.917792622,4.8605461295,33.91169752,10,TATA Tiago,Evening,Friday,19.094122,72.85223,Mumbai,Maharashtra,"IOCL Sahara Hospitality, Vile Parle, opp. Domestic Airport, Navpada, Vile Parle East, Vile Parle, Mumbai, Maharashtra 400099",1,49.9052843484,3.2421092258999997,45.96439937,78.61113063399999,32.64673126399999,0.5,1.0,0.25281855556476274,0.22711865777268653,0.6641486658766206,0.5,0.05263157894736842,0.6776440677078471
"iocl_sahara_hospitality,_vile_parle,_opp._domestic_airport,_navpada,_vile_parle_east,_vile_parle,_mumbai,_maharashtra_400099","IOCL Sahara Hospitality, Vile Parle, opp. Domestic Airport, Navpada, Vile Parle East, Vile Parle, Mumbai, Maharashtra 400099",Kazam,62.04623037,62.04623037,3.34,18.56265579,10,TATA Tiago,Evening,Friday,19.094122,72.85223,Mumbai,Maharashtra,"IOCL Sahara Hospitality, Vile Parle, opp. Domestic Airport, Navpada, Vile Parle East, Vile Parle, Mumbai, Maharashtra 400099",1,49.9052843484,3.2421092258999997,45.96439937,78.61113063399999,32.64673126399999,0.5,1.0,0.5001370009793603,0.15380563067997655,0.6641486658766206,0.5,0.05263157894736842,0.7321423763522255
"iocl_sahara_hospitality,_vile_parle,_opp._domestic_airport,_navpada,_vile_parle_east,_vile_parle,_mumbai,_maharashtra_400099","IOCL Sahara Hospitality, Vile Parle, opp. Domestic Airport, Navpada, Vile Parle East, Vile Parle, Mumbai, Maharashtra 400099",Magenta,71.28000416,71.28000416,1.75,40.61639923,10,TATA Tiago,Evening,Friday,19.094122,72.85223,Mumbai,Maharashtra,"IOCL Sahara Hospitality, Vile Parle, opp. Domestic Airport, Navpada, Vile Parle East, Vile Parle, Mumbai, Maharashtra 400099",1,49.9052843484,3.2421092258999997,45.96439937,78.61113063399999,32.64673126399999,0.5,1.0,0.5813246801356702,0.07714388999622648,0.6641486658766206,0.5,0.05263157894736842,0.744773122072928
"iocl_sahara_hospitality,_vile_parle,_opp._domestic_airport,_navpada,_vile_parle_east,_vile_parle,_mumbai,_maharashtra_400099","IOCL Sahara Hospitality, Vile Parle, opp. Domestic Airport, Navpada, Vile Parle East, Vile Parle, Mumbai, Maharashtra 400099",VoltaPoint,77.63234569,77.63234569,6.94,11.17901456,10,TATA Tiago,Evening,Friday,19.094122,72.85223,Mumbai,Maharashtra,"IOCL Sahara Hospitality, Vile Parle, opp. Domestic Airport, Navpada, Vile Parle East, Vile Parle, Mumbai, Maharashtra 400099",1,49.9052843484,3.2421092258999997,45.96439937,78.61113063399999,32.64673126399999,0.5,1.0,0.6371774525511552,0.3273793831714861,0.6641486658766206,0.5,0.05263157894736842,0.7837598644943252
"iocl_sahara_hospitality,_vile_parle,_opp._domestic_airport,_navpada,_vile_parle_east,_vile_parle,_mumbai,_maharashtra_400099","IOCL Sahara Hospitality, Vile Parle, opp. Domestic Airport, Navpada, Vile Parle East, Vile Parle, Mumbai, Maharashtra 400099",Volttic,97.94569658,32.648565526666665,1.9966666666666664,21.27174113,10,TATA Tiago,Evening,Friday,19.094122,72.85223,Mumbai,Maharashtra,"IOCL Sahara Hospitality, Vile Parle, opp. Domestic Airport, Navpada, Vile Parle East, Vile Parle, Mumbai, Maharashtra 400099",1,49.9052843484,3.2421092258999997,45.96439937,78.61113063399999,32.64673126399999,0.5,1.0,0.2416589143892323,0.08903690637064471,0.6641486658766206,0.5,0.05263157894736842,0.6610459822737603
"juhu_beach_gate_3,_mumbai","Juhu Beach Gate 3, Mumbai",Tata Power,73.09045077,73.09045077,2.41,30.38880381,1,TATA Tiago,Morning,Tuesday,19.097,72.8261,Mumbai,Maharashtra,"Juhu Beach Gate 3, Mumbai",2,73.09045077,2.41,29.66650146,99.85685077,70.19034930999999,0.0,0.0,0.5972429776644109,0.10896574461966992,0.9102599599586813,0.0,0.10526315789473684,0.43095683918766137
"juhu_tara_rd,_near_juhu_beach,_mumbai","Juhu Tara Rd, Near Juhu Beach, Mumbai",Fortum,135.88154577,45.29384859,1.12,38.448172,3,MG Comet,Afternoon,Saturday,19.0977,72.8271,Mumbai,Maharashtra,"Juhu Tara Rd, Near Juhu Beach, Mumbai",2,45.29384859,1.1199999999999999,43.21407588333333,68.59294307,25.378867186666675,0.3333333333333333,0.2222222222222222,0.35284218653073285,0.04676848331021231,0.6165053239085282,0.3333333333333333,0.10526315789473684,0.39735149764355093
"juhu_tara_rd,_near_juhu_beach,_mumbai,_maharashtra","Juhu Tara Rd, Near Juhu Beach, Mumbai, Maharashtra",EV Point,79.45782399,79.45782399,2.42,32.88286976,1,Hyundai Kona,Evening,Saturday,19.0994,72.8269,Mumbai,Maharashtra,"Juhu Tara Rd, Near Juhu Beach, Mumbai, Maharashtra",2,79.45782399,2.42,83.12000296,99.62432763,16.504324670000003,1.0,0.0,0.6532279157634673,0.10944789393214631,0.5583296536657982,1.0,0.10526315789473684,0.3922117426997407
"junction_of_bellasis_road_and_dr_d.b._marg_,_mumbai_central,_mumbai_400008","Junction of Bellasis Road and Dr D.B. Marg , Mumbai Central, Mumbai 400008",Magenta,46.45478115,46.45478115,1.08,42.8384828,2,TATA Nexon,Evening,Thursday,18.9688627,72.8207138,Mumbai,Maharashtra,"Junction of Bellasis Road and Dr D.B. Marg , Mumbai Central, Mumbai 400008",5,39.4898211,1.0550000000000002,18.10942835,77.230296655,59.120868305,0.0,0.1111111111111111,0.3630496512517626,0.044839886060306644,0.8376957150417588,0.0,0.2631578947368421,0.3703159633535977
"junction_of_bellasis_road_and_dr_d.b._marg_,_mumbai_central,_mumbai_400008","Junction of Bellasis Road and Dr D.B. Marg , Mumbai Central, Mumbai 400008",VoltaPoint,32.52486105,32.52486105,1.03,31.55315617,2,TATA Nexon,Evening,Thursday,18.9688627,72.8207138,Mumbai,Maharashtra,"Junction of Bellasis Road and Dr D.B. Marg , Mumbai Central, Mumbai 400008",5,39.4898211,1.0550000000000002,18.10942835,77.230296655,59.120868305,0.0,0.1111111111111111,0.24057124648765457,0.04242913949792457,0.8376957150417588,0.0,0.2631578947368421,0.33945528750633247
"kalamboli_steel_market_junction,_navi_mumbai","Kalamboli Steel Market Junction, Navi Mumbai",VoltaPoint,85.03985431,85.03985431,3.18,26.7265968,1,TATA Nexon,Evening,Sunday,19.0543,73.1153,Mumbai,Maharashtra,"Kalamboli Steel Market Junction, Navi Mumbai",1,85.03985431,3.18,32.36280196,55.98865792,23.625855960000003,1.0,0.0,0.7023077499642738,0.1460912416803539,0.6050137340194903,1.0,0.05263157894736842,0.4230433849199221
"kalyan_east_bus_depot,_thane","Kalyan East Bus Depot, Thane",Magenta,72.71574853,72.71574853,2.25,32.25343212,1,TATA Curvv,Afternoon,Monday,19.2402,73.1362,Mumbai,Maharashtra,"Kalyan East Bus Depot, Thane",2,72.71574853,2.25,28.89851962,57.73534409,28.83682447,0.0,0.0,0.5939484194553701,0.10125135562004725,0.6391734200104787,0.0,0.10526315789473684,0.38869877974320854
"kalyan_west,_kalyan,_thane","Kalyan West, Kalyan, Thane",Magenta,61.11752874,61.11752874,2.15,28.40157855,1,MG Comet,Night,Sunday,19.2403,73.1258,Mumbai,Maharashtra,"Kalyan West, Kalyan, Thane",2,61.11752874,2.15,28.7158913,52.96116986,24.24527856,1.0,0.0,0.49197141974646963,0.0964298624952831,0.6090742616298791,1.0,0.10526315789473684,0.35820750674641705
"kamothe_bus_depot,_navi_mumbai","Kamothe Bus Depot, Navi Mumbai",Magenta,65.48719596,65.48719596,1.74,37.57728956,1,TATA Tiago,Evening,Thursday,19.016,73.0949,Mumbai,Maharashtra,"Kamothe Bus Depot, Navi Mumbai",1,65.48719596,1.74,42.83535123,83.70937054,40.874019309999994,0.0,0.0,0.5303915877455391,0.07666174068375006,0.7180813610501658,0.0,0.05263157894736842,0.3900815383201794
"kandivali_east,_next_to_railway_station,_mumbai","Kandivali East, Next to Railway Station, Mumbai",EVteQ,78.69341922,78.69341922,2.15,36.56255637,1,TATA Tiago,Evening,Tuesday,19.2104,72.8572,Mumbai,Maharashtra,"Kandivali East, Next to Railway Station, Mumbai",1,78.69341922,2.15,38.19062073,82.43448923,44.2438685,0.0,0.0,0.6465069097453728,0.0964298624952831,0.740171878378467,0.0,0.05263157894736842,0.4244007586005363
"kanjurmarg_east_station,_mumbai","Kanjurmarg East Station, Mumbai",Statiq,118.8974904,118.8974904,12.8,9.2864977,1,TATA Nexon,Night,Monday,19.1341,72.9297,Mumbai,Maharashtra,"Kanjurmarg East Station, Mumbai",2,118.8974904,12.8,27.64544589,90.29992273,62.65447684,0.0,0.0,1.0,0.6099188802826656,0.8608597310474277,0.0,0.10526315789473684,0.5743313740011702
"khandeshwar_railway_station,_navi_mumbai","Khandeshwar Railway Station, Navi Mumbai",Tata Power,115.43764121,57.718820605,2.435,34.49484278,2,TATA Curvv,Evening,Saturday,19.0028,73.1076,Mumbai,Maharashtra,"Khandeshwar Railway Station, Navi Mumbai",6,57.718820605,2.435,55.120398140000006,69.79811027,14.677712129999989,0.5,0.1111111111111111,0.46208838038620825,0.11017111790086094,0.5463555819219638,0.5,0.3157894736842105,0.35001301201119006
"khar_danda_road,_mumbai","Khar Danda Road, Mumbai",Tata Power,93.28669152,46.64334576,1.36,37.236242515,2,TATA Curvv,Morning,Monday,19.0756,72.8322,Mumbai,Maharashtra,"Khar Danda Road, Mumbai",3,46.64334576,1.3599999999999999,32.176439789999996,82.67331744500001,50.49687765500001,0.0,0.1111111111111111,0.3647075999307191,0.05834006680964628,0.7811624982265184,0.0,0.15789473684210525,0.3793899597601952
"kohinoor_altissimo_residential_tower,_kohinoor_altissimo,_kasaravadi,_dadar,_mumbai,_maharashtra_400028","Kohinoor Altissimo Residential Tower, Kohinoor Altissimo, Kasaravadi, Dadar, Mumbai, Maharashtra 400028",EV Dock,75.52338507,75.52338507,3.03,24.8909192,1,MG Comet,Afternoon,Monday,19.0246,72.8402,Mumbai,Maharashtra,"Kohinoor Altissimo Residential Tower, Kohinoor Altissimo, Kasaravadi, Dadar, Mumbai, Maharashtra 400028",13,75.52338507,3.03,82.5448484,70.70118042,-11.843667980000006,0.0,0.0,0.6186344795409997,0.13885900199320766,0.3724988382347434,0.0,0.6842105263157894,0.2717877668724138
"kohinoor_square,_kasaravadi,_dadar,_mumbai,_maharashtra","Kohinoor Square, Kasaravadi, Dadar, Mumbai, Maharashtra",Kazam,27.00471086,27.00471086,0.58,46.41136085,3,MG Comet,Afternoon,Friday,19.02460889,72.84282021,Mumbai,Maharashtra,"Kohinoor Square, Kasaravadi, Dadar, Mumbai, Maharashtra",13,42.41762854666666,2.11,62.31345307666667,71.88057355333333,9.567120476666666,0.3333333333333333,0.2222222222222222,0.19203549147427967,0.020732420436485863,0.5128539006565682,0.3333333333333333,0.6842105263157894,0.2521563988411131
"kohinoor_square,_kasaravadi,_dadar,_mumbai,_maharashtra","Kohinoor Square, Kasaravadi, Dadar, Mumbai, Maharashtra",Magenta,100.24817478,50.12408739,2.875,21.69152116,3,MG Comet,Afternoon,Friday,19.02460889,72.84282021,Mumbai,Maharashtra,"Kohinoor Square, Kasaravadi, Dadar, Mumbai, Maharashtra",13,42.41762854666666,2.11,62.31345307666667,71.88057355333333,9.567120476666666,0.3333333333333333,0.2222222222222222,0.39531191633583773,0.13138568764982322,0.5128539006565682,0.3333333333333333,0.6842105263157894,0.31404083177783637
"kolshet_road,_thane_west","Kolshet Road, Thane West",Jio-bp Pulse,54.46660949,27.233304745,0.71,38.999552005,2,MG Comet,Afternoon,Saturday,19.2587,72.9773,Mumbai,Maharashtra,"Kolshet Road, Thane West",0,27.233304744999998,0.71,78.05533026500001,69.46884659,-8.58648367500001,0.5,0.1111111111111111,0.19404539635331988,0.027000361498679265,0.39385079859682504,0.5,0.0,0.29917789391661054
"lbs_marg,_kurla_west,_mumbai","LBS Marg, Kurla West, Mumbai",Tata Power,69.42235104,69.42235104,7.02,9.889820742,1,TATA Nexon,Evening,Monday,19.0702,72.881,Mumbai,Maharashtra,"LBS Marg, Kurla West, Mumbai",14,69.42235104,7.02,29.13398079,99.88715307,70.75317228,0.0,0.0,0.5649913207833313,0.3312365776712974,0.9139494575802503,0.0,0.7368421052631579,0.3509375908105264
"lbs_marg,_near_bhandup_station,_mumbai","LBS Marg, Near Bhandup Station, Mumbai",Magenta,82.34119491999999,41.17059746,1.12,38.29083051,2,TATA Curvv,Evening,Friday,19.1547,72.9346,Mumbai,Maharashtra,"LBS Marg, Near Bhandup Station, Mumbai",4,41.170597459999996,1.12,50.405322325,79.13521988,28.729897554999994,0.0,0.1111111111111111,0.3165886246137334,0.04676848331021231,0.6384724774057833,0.0,0.21052631578947367,0.3369048176157899
"lbs_marg,_near_mulund_station,_mulund_west,_mumbai","LBS Marg, Near Mulund Station, Mulund West, Mumbai",ChargeZone,68.56767861,68.56767861,4.16,16.475471,1,TATA Curvv,Afternoon,Saturday,19.1726,72.9532,Mumbai,Maharashtra,"LBS Marg, Near Mulund Station, Mulund West, Mumbai",8,68.56767861,4.16,68.27370384,93.5739471,25.300243260000002,1.0,0.0,0.5574766390715342,0.19334187430304262,0.6159899171005312,1.0,0.42105263157894735,0.33794394002642536
"linking_road,_opp_national_college,_bandra_west,_mumbai","Linking Road, Opp National College, Bandra West, Mumbai",Ather,41.15701391,41.15701391,0.89,46.12968887,1,TATA Tiago,Morning,Friday,19.0618,72.833,Mumbai,Maharashtra,"Linking Road, Opp National College, Bandra West, Mumbai",3,41.15701391,0.89,31.46784538,77.45210904,45.984263659999996,0.0,0.0,0.31646919165768705,0.03567904912325475,0.7515807656230833,0.0,0.15789473684210525,0.32173810714389395
"lodha_xperia_mall,_palava_city,_dombivli","Lodha Xperia Mall, Palava City, Dombivli",Statiq,37.42669941,37.42669941,2.2,16.98014038,1,TATA Tiago,Afternoon,Tuesday,19.2263,73.0965,Mumbai,Maharashtra,"Lodha Xperia Mall, Palava City, Dombivli",1,37.42669941,2.2,94.43594757,90.5370852,-3.898862369999989,0.0,0.0,0.2836705132770104,0.09884060905766519,0.4245797641463536,0.0,0.05263157894736842,0.2865939170048669
"magenta_house,_d-285,_ttc_industrial_area,_nturbhe,_near_unitech_motors,_navi_mumbai,_maharashtra","Magenta House, D-285, TTC Industrial Area, nTurbhe, Near Unitech Motors, Navi Mumbai, Maharashtra",Statiq,31.73575031,31.73575031,2.85,11.12987276,1,Hyundai Kona,Evening,Wednesday,19.0685788,73.022744,Mumbai,Maharashtra,"Magenta House, D-285, TTC Industrial Area, nTurbhe, Near Unitech Motors, Navi Mumbai, Maharashtra",4,31.73575031,2.85,58.96875275,81.66823961,22.69948686,0.0,0.0,0.23363301396919064,0.1301803143686322,0.5989410668162577,0.0,0.21052631578947367,0.2796884975831785
"mahalaxmi_race_course,_mumbai","Mahalaxmi Race Course, Mumbai",Magenta,38.36041213,38.36041213,1.0,38.34376389,1,MG Comet,Night,Tuesday,18.9938,72.8237,Mumbai,Maharashtra,"Mahalaxmi Race Course, Mumbai",14,38.36041213,1.0,72.50501027,86.30071772,13.795707449999995,0.0,0.0,0.29188015436845915,0.04098269156049532,0.5405737387092167,0.0,0.7368421052631579,0.19762805276507314
"maker_maxity,_bkc,_mumbai","Maker Maxity, BKC, Mumbai",Magenta,77.12500791,77.12500791,1.96,39.42909617,1,TATA Curvv,Morning,Friday,19.058,72.8675,Mumbai,Maharashtra,"Maker Maxity, BKC, Mumbai",5,77.12500791,1.96,62.32264056,81.40719887,19.08455831,0.0,0.0,0.6327167003339933,0.0872690255582312,0.5752439702187848,0.0,0.2631578947368421,0.36371898896161287
"malad_west,_mumbai","Malad West, Mumbai",EVteQ,90.23550358,90.23550358,18.64,4.841450613,1,TATA Curvv,Afternoon,Saturday,19.1851,72.8388,Mumbai,Maharashtra,"Malad West, Mumbai",5,90.23550358,18.64,70.55201083,50.51807735,-20.03393348,1.0,0.0,0.7479903403693259,0.8914940787688922,0.31880883854928643,1.0,0.2631578947368421,0.43449463454108733
"mankhurd_railway_station,_mumbai","Mankhurd Railway Station, Mumbai",Tata Power,61.11752874,61.11752874,1.64,37.24649566,1,TATA Nexon,Evening,Monday,19.0498,72.9317,Mumbai,Maharashtra,"Mankhurd Railway Station, Mumbai",1,61.11752874,1.64,19.89094139,62.23223391,42.341292519999996,0.0,0.0,0.49197141974646963,0.07184024755898591,0.727699840229306,0.0,0.05263157894736842,0.38143711888480664
"mansarovar_railway_station,_navi_mumbai","Mansarovar Railway Station, Navi Mumbai",Magenta,15.5583755,15.5583755,0.35,44.45073085,1,TATA Nexon,Morning,Monday,19.0121,73.055,Mumbai,Maharashtra,"Mansarovar Railway Station, Navi Mumbai",0,15.5583755,0.35,83.20214245,61.22134406,-21.980798389999997,0.0,0.0,0.09139393106161078,0.009642986249528309,0.30604647127248363,0.0,0.0,0.21971975208122807
"marol_naka_metro_station,_andheri_east,_mumbai","Marol Naka Metro Station, Andheri East, Mumbai",Volttic,26.58671022,26.58671022,1.09,24.45076324,1,MG Comet,Afternoon,Tuesday,19.1112,72.874,Mumbai,Maharashtra,"Marol Naka Metro Station, Andheri East, Mumbai",16,26.58671022,1.09,77.97541226,91.45202017,13.476607909999998,0.0,0.0,0.18836023338162372,0.045322035372783065,0.5384819317705736,0.0,0.8421052631578947,0.15607876217458608
"marol_naka_metro_station,_mumbai","Marol Naka Metro Station, Mumbai",Statiq,126.719268283,42.23975609433334,5.876666666666668,32.668742735,3,TATA Tiago,Evening,Monday,19.109,72.8771,Mumbai,Maharashtra,"Marol Naka Metro Station, Mumbai",16,42.23975609433334,5.876666666666668,32.92660953666667,75.48926028,42.56265074333333,0.6666666666666666,0.2222222222222222,0.32598916984535464,0.27611083961149396,0.7291509193110695,0.6666666666666666,0.8421052631578947,0.31994300262324205
"mgl_terminal,_opposite_anik_depot,_wadala,_mumbai","MGL Terminal, Opposite Anik Depot, Wadala, Mumbai",Tata Power,62.20847707,31.104238535,1.015,33.662821785,2,TATA Curvv,Morning,Sunday,19.0281,72.8647,Mumbai,Maharashtra,"MGL Terminal, Opposite Anik Depot, Wadala, Mumbai",8,31.104238535,1.0150000000000001,63.6242263,56.789669965,-6.834556334999995,0.5,0.1111111111111111,0.22808046562458453,0.041705915529209936,0.4053352832369804,0.5,0.42105263157894735,0.24772199459666094
"mgl_terminal,_opposite_anik_depot,_wadala,_mumbai,_maharashtra_400022","MGL Terminal, opposite Anik Depot, Wadala, Mumbai, Maharashtra 400022",Tata Power,47.7140959,47.7140959,11.0477729,26.50712322,1,TATA Curvv,Night,Wednesday,19.0472567,72.8783829,Mumbai,Maharashtra,"MGL Terminal, opposite Anik Depot, Wadala, Mumbai, Maharashtra 400022",4,47.7140959,11.0477729,49.53760262,57.93745966,8.39985704,0.0,0.0,0.3741221384281901,0.5254353711259112,0.5052020884476138,0.0,0.21052631578947367,0.34027543761835966
"mh_|_mumbai_|_nsci_-_worli,nsci,_lala_lajpatrai_marg,_lotus_colony,_worli,_mumbai,_maharashtra_400018","MH | Mumbai | NSCI - Worli,NSCI, Lala Lajpatrai Marg, Lotus Colony, Worli, Mumbai, Maharashtra 400018",ATUM,58.74152298,58.74152298,2.95,19.94270235,3,Hyundai Kona,Afternoon,Monday,18.9862222,72.8149436,Mumbai,Maharashtra,"MH | Mumbai | NSCI - Worli,NSCI, Lala Lajpatrai Marg, Lotus Colony, Worli, Mumbai, Maharashtra 400018",7,55.559814206666665,2.69,25.00216745,76.29030722666666,51.288139776666654,0.3333333333333333,0.2222222222222222,0.4710804603507204,0.13500180749339635,0.7863494928438963,0.3333333333333333,0.3684210526315789,0.42173733964664506
"mh_|_mumbai_|_nsci_-_worli,nsci,_lala_lajpatrai_marg,_lotus_colony,_worli,_mumbai,_maharashtra_400018","MH | Mumbai | NSCI - Worli,NSCI, Lala Lajpatrai Marg, Lotus Colony, Worli, Mumbai, Maharashtra 400018",Jio-bp Pulse,36.22941276,36.22941276,3.27,11.09306321,3,Hyundai Kona,Afternoon,Monday,18.9862222,72.8149436,Mumbai,Maharashtra,"MH | Mumbai | NSCI - Worli,NSCI, Lala Lajpatrai Marg, Lotus Colony, Worli, Mumbai, Maharashtra 400018",7,55.559814206666665,2.69,25.00216745,76.29030722666666,51.288139776666654,0.3333333333333333,0.2222222222222222,0.2731434063098024,0.15043058549264163,0.7863494928438963,0.3333333333333333,0.3684210526315789,0.37379595393634013
"mh_|_mumbai_|_nsci_-_worli,nsci,_lala_lajpatrai_marg,_lotus_colony,_worli,_mumbai,_maharashtra_400018","MH | Mumbai | NSCI - Worli,NSCI, Lala Lajpatrai Marg, Lotus Colony, Worli, Mumbai, Maharashtra 400018",VoltaPoint,71.70850688,71.70850688,1.85,38.79607655,3,Hyundai Kona,Afternoon,Monday,18.9862222,72.8149436,Mumbai,Maharashtra,"MH | Mumbai | NSCI - Worli,NSCI, Lala Lajpatrai Marg, Lotus Colony, Worli, Mumbai, Maharashtra 400018",7,55.559814206666665,2.69,25.00216745,76.29030722666666,51.288139776666654,0.3333333333333333,0.2222222222222222,0.5850922774518013,0.08196538312099064,0.7863494928438963,0.3333333333333333,0.3684210526315789,0.44493665148467476
"mh_|_mumbai_|_the_westin_mumbai_powai_lake,the_westin_mumbai_powai_lake_kailash_nagar,_morarji_nagar,_powai,_mumbai,_maharashtra_400076","MH | Mumbai | The Westin Mumbai Powai Lake,The Westin Mumbai Powai Lake Kailash Nagar, Morarji Nagar, Powai, Mumbai, Maharashtra 400076",Ather,58.74152298,58.74152298,2.95,19.94270235,3,Hyundai Kona,Afternoon,Monday,19.133659,72.900817,Mumbai,Maharashtra,"MH | Mumbai | The Westin Mumbai Powai Lake,The Westin Mumbai Powai Lake Kailash Nagar, Morarji Nagar, Powai, Mumbai, Maharashtra 400076",2,55.559814206666665,2.69,25.00216745,76.29030722666666,51.288139776666654,0.3333333333333333,0.2222222222222222,0.4710804603507204,0.13500180749339635,0.7863494928438963,0.3333333333333333,0.10526315789473684,0.4612110238571714
"mh_|_mumbai_|_the_westin_mumbai_powai_lake,the_westin_mumbai_powai_lake_kailash_nagar,_morarji_nagar,_powai,_mumbai,_maharashtra_400076","MH | Mumbai | The Westin Mumbai Powai Lake,The Westin Mumbai Powai Lake Kailash Nagar, Morarji Nagar, Powai, Mumbai, Maharashtra 400076",Jio-bp Pulse,36.22941276,36.22941276,3.27,11.09306321,3,Hyundai Kona,Afternoon,Monday,19.133659,72.900817,Mumbai,Maharashtra,"MH | Mumbai | The Westin Mumbai Powai Lake,The Westin Mumbai Powai Lake Kailash Nagar, Morarji Nagar, Powai, Mumbai, Maharashtra 400076",2,55.559814206666665,2.69,25.00216745,76.29030722666666,51.288139776666654,0.3333333333333333,0.2222222222222222,0.2731434063098024,0.15043058549264163,0.7863494928438963,0.3333333333333333,0.10526315789473684,0.41326963814686646
"mh_|_mumbai_|_the_westin_mumbai_powai_lake,the_westin_mumbai_powai_lake_kailash_nagar,_morarji_nagar,_powai,_mumbai,_maharashtra_400076","MH | Mumbai | The Westin Mumbai Powai Lake,The Westin Mumbai Powai Lake Kailash Nagar, Morarji Nagar, Powai, Mumbai, Maharashtra 400076",Magenta,71.70850688,71.70850688,1.85,38.79607655,3,Hyundai Kona,Afternoon,Monday,19.133659,72.900817,Mumbai,Maharashtra,"MH | Mumbai | The Westin Mumbai Powai Lake,The Westin Mumbai Powai Lake Kailash Nagar, Morarji Nagar, Powai, Mumbai, Maharashtra 400076",2,55.559814206666665,2.69,25.00216745,76.29030722666666,51.288139776666654,0.3333333333333333,0.2222222222222222,0.5850922774518013,0.08196538312099064,0.7863494928438963,0.3333333333333333,0.10526315789473684,0.4844103356952011
"mira_road_east,_thane","Mira Road East, Thane",EV Dock,42.74479257,42.74479257,1.06,40.2059876,1,MG Comet,Evening,Saturday,19.291,72.8511,Mumbai,Maharashtra,"Mira Road East, Thane",0,42.74479257,1.06,19.56303216,67.79633548,48.23330332,1.0,0.0,0.33042968791317473,0.043875587435353816,0.7663239920347278,1.0,0.0,0.35194357952703825
"mujawar_pakhadi_rd,_dadar_east,_mumbai","Mujawar Pakhadi Rd, Dadar East, Mumbai",Tata Power,7.275443511,7.275443511,0.35,21.06032431,1,Hyundai Kona,Night,Saturday,19.0202,72.8447,Mumbai,Maharashtra,"Mujawar Pakhadi Rd, Dadar East, Mumbai",14,7.275443511,0.35,12.88478096,72.45174831,59.56696735,1.0,0.0,0.01856649992779405,0.009642986249528309,0.8406200472976217,1.0,0.7368421052631579,0.17117261491207092
"mulund_west,_mumbai","Mulund West, Mumbai",ATUM,60.71234573,60.71234573,1.67,36.38918057,1,TATA Tiago,Evening,Tuesday,19.1721,72.9568,Mumbai,Maharashtra,"Mulund West, Mumbai",6,60.71234573,1.67,29.37157598,86.11996244,56.74838645999999,0.0,0.0,0.48840886028122765,0.07328669549641516,0.8221432827656863,0.0,0.3157894736842105,0.35538395598216976
"mumbai_central_station_parking,_mumbai","Mumbai Central Station Parking, Mumbai",Volttic,46.61987333,46.61987333,6.31,7.388686338,1,TATA Nexon,Morning,Friday,18.9692,72.8195,Mumbai,Maharashtra,"Mumbai Central Station Parking, Mumbai",10,46.61987333,6.31,70.09449292,59.04290083,-11.051592089999993,0.0,0.0,0.3645012192938095,0.2970039764854719,0.3776911673826762,0.0,0.5263157894736842,0.2485320091583484
"nahur_west,_industrial_area,_bhandup_west,_mumbai,_maharashtra","Nahur West, Industrial Area, Bhandup West, Mumbai, Maharashtra",Volttic,61.9271036,61.9271036,2.45,25.27459826,1,TATA Curvv,Morning,Wednesday,19.1593952,72.945112,Mumbai,Maharashtra,"Nahur West, Industrial Area, Bhandup West, Mumbai, Maharashtra",8,61.9271036,2.45,73.65740812,93.02610697,19.36869885,0.0,0.0,0.499089582426378,0.11089434186957557,0.5771066089211841,0.0,0.42105263157894735,0.3092699263948876
"near_asian_heart_hospital,_opp_bharat_diamond_bourse,_bandra_east,_mumbai,_mh_400051","Near Asian Heart Hospital, Opp Bharat Diamond Bourse, Bandra East, Mumbai, MH 400051",Tata Power,15.27366667,15.27366667,2.84,5.37038419,1,TATA Tiago,Night,Friday,19.0585,72.8557,Mumbai,Maharashtra,"Near Asian Heart Hospital, Opp Bharat Diamond Bourse, Bandra East, Mumbai, MH 400051",4,15.27366667,2.84,86.95322411,85.13643915,-1.8167849599999926,0.0,0.0,0.08889063721137144,0.12969816505615575,0.4382284957397308,0.0,0.21052631578947367,0.21934780280099697
"near_ghatkopar_metro_station,_ghatkopar_west,_mumbai","Near Ghatkopar Metro Station, Ghatkopar West, Mumbai",Magenta,52.47892804,26.23946402,0.77,36.2788579,2,TATA Curvv,Morning,Monday,19.0864,72.9085,Mumbai,Maharashtra,"Near Ghatkopar Metro Station, Ghatkopar West, Mumbai",3,26.23946402,0.77,64.28453870999999,64.33903259499999,0.05449388499999941,0.5,0.1111111111111111,0.1853070815809613,0.029893257373537763,0.4504953704337748,0.5,0.15789473684210525,0.2820950800602334
"near_infiniti_mall,_andheri_west,_mumbai","Near Infiniti Mall, Andheri West, Mumbai",Kazam,109.24945175,36.41648391666666,0.9466666666666668,37.925194616666666,3,TATA Curvv,Evening,Monday,19.1372,72.8276,Mumbai,Maharashtra,"Near Infiniti Mall, Andheri West, Mumbai",6,36.416483916666664,0.9466666666666667,59.72182126333333,79.09627221666666,19.37445095333333,0.3333333333333333,0.2222222222222222,0.2747882238451096,0.03841122856062111,0.577144315931556,0.3333333333333333,0.3157894736842105,0.3395191829322191
"near_kharghar_station,_navi_mumbai","Near Kharghar Station, Navi Mumbai",Kazam,41.47936113,20.739680565,0.63,34.232187175,2,TATA Curvv,Morning,Sunday,19.0533,73.0571,Mumbai,Maharashtra,"Near Kharghar Station, Navi Mumbai",1,20.739680565,0.63,54.92760867,94.771983775,39.844375105,0.5,0.1111111111111111,0.1369504004743386,0.023143166998867946,0.7113316901093908,0.5,0.05263157894736842,0.32424582238166366
"near_mumbra_station,_thane","Near Mumbra Station, Thane",Magenta,63.98527915,31.992639575,3.055,17.6502572965,2,TATA Nexon,Afternoon,Thursday,19.1808,72.9836,Mumbai,Maharashtra,"Near Mumbra Station, Thane",2,31.992639575,3.0549999999999997,64.43690179000001,87.853439185,23.41653739499999,0.0,0.1111111111111111,0.23589170512839006,0.14006437527439872,0.6036415790278101,0.0,0.10526315789473684,0.3366250158683873
"near_palava_city,_dombivli_east","Near Palava City, Dombivli East",Tata Power,65.43101691,65.43101691,3.23,20.27269894,1,MG Comet,Night,Sunday,19.2081,73.1041,Mumbai,Maharashtra,"Near Palava City, Dombivli East",1,65.43101691,3.23,76.46681164,75.84995703,-0.6168546100000043,1.0,0.0,0.5298976351330497,0.14850198824273597,0.4460944507706232,1.0,0.05263157894736842,0.35634403838102424
"near_to_orion_mall/_new_panvel_bridge,_old,_mumbai_-_pune_expy,","Near to Orion Mall/ New Panvel Bridge, Old, Mumbai - Pune Expy,",ATUM,44.15948701,44.15948701,1.86,23.75243532,2,Hyundai Kona,Morning,Thursday,18.99453515,73.11513242,Mumbai,Maharashtra,"Near to Orion Mall/ New Panvel Bridge, Old, Mumbai - Pune Expy,",4,42.473245245,2.7800000000000002,75.106743725,72.21987093999999,-2.8868727850000084,0.0,0.1111111111111111,0.34286834635457186,0.08244753243346706,0.43121370299733897,0.0,0.21052631578947367,0.31595383680205835
"near_to_orion_mall/_new_panvel_bridge,_old,_mumbai_-_pune_expy,","Near to Orion Mall/ New Panvel Bridge, Old, Mumbai - Pune Expy,",Magenta,40.78700348,40.78700348,3.7,11.03185075,2,Hyundai Kona,Morning,Thursday,18.99453515,73.11513242,Mumbai,Maharashtra,"Near to Orion Mall/ New Panvel Bridge, Old, Mumbai - Pune Expy,",4,42.473245245,2.7800000000000002,75.106743725,72.21987093999999,-2.8868727850000084,0.0,0.1111111111111111,0.31321588604737827,0.1711630059291275,0.43121370299733897,0.0,0.21052631578947367,0.317412269074826
"near_vikhroli_station_east,_mumbai","Near Vikhroli Station East, Mumbai",Tata Power,173.76010223999998,57.92003407999999,2.05,31.87006693666667,3,Hyundai Kona,Evening,Saturday,19.106,72.9286,Mumbai,Maharashtra,"Near Vikhroli Station East, Mumbai",3,57.92003407999999,2.05,41.44661354,64.35693296666666,22.91031942666666,0.6666666666666666,0.2222222222222222,0.463857543831377,0.09160836937051893,0.6003231466081786,0.6666666666666666,0.15789473684210525,0.4192672621375849
"nehru_nagar,_near_kurla_station,_mumbai","Nehru Nagar, Near Kurla Station, Mumbai",Kazam,72.08924277,72.08924277,9.62,7.494575511,1,TATA Nexon,Night,Friday,19.0731,72.8828,Mumbai,Maharashtra,"Nehru Nagar, Near Kurla Station, Mumbai",12,72.08924277,9.62,22.9005078,94.20825519,71.30774739,0.0,0.0,0.5884398863475366,0.45659539891516543,0.9175848876504309,0.0,0.631578947368421,0.38567040252070217
"nehru_nagar_bus_stand,_kurla_east,_mumbai","Nehru Nagar Bus Stand, Kurla East, Mumbai",Statiq,21.0022301,21.0022301,0.8,26.23272288,1,TATA Nexon,Night,Friday,19.072,72.8821,Mumbai,Maharashtra,"Nehru Nagar Bus Stand, Kurla East, Mumbai",13,21.0022301,0.8,32.2755592,58.86833854,26.592779340000007,0.0,0.0,0.13925885938777904,0.03133970531096701,0.624462934456152,0.0,0.6842105263157894,0.17898654659909585
"neptune_magnet_mall,_lbs_marg,_bhandup_west,_mumbai","Neptune Magnet Mall, LBS Marg, Bhandup West, Mumbai",Jio-bp Pulse,12.35040612,12.35040612,0.28,44.04764539,1,TATA Curvv,Night,Wednesday,19.1485,72.9358,Mumbai,Maharashtra,"Neptune Magnet Mall, LBS Marg, Bhandup West, Mumbai",5,12.35040612,0.28,47.07173173,68.83315695,21.76142522,0.0,0.0,0.06318795648502264,0.006267941062193402,0.5927917510026813,0.0,0.2631578947368421,0.2158688616673509
"next_to_bharat_diamond_bourse,_bkc,_mumbai","Next to Bharat Diamond Bourse, BKC, Mumbai",Statiq,140.48734097,46.82911365666666,1.88,27.850211113,3,TATA Tiago,Night,Friday,19.0588,72.8703,Mumbai,Maharashtra,"Next to Bharat Diamond Bourse, BKC, Mumbai",6,46.829113656666664,1.8800000000000001,66.31786908333333,77.2582749,10.940405816666669,0.3333333333333333,0.2222222222222222,0.36634095859155713,0.08341183105841987,0.521856257109194,0.3333333333333333,0.3157894736842105,0.35861421804525656
"next_to_diamond_garden,_chembur,_mumbai","Next to Diamond Garden, Chembur, Mumbai",Tata Power,62.25705814999999,31.128529075,0.975,34.049707850000004,2,Hyundai Kona,Afternoon,Monday,19.0455,72.8996,Mumbai,Maharashtra,"Next to Diamond Garden, Chembur, Mumbai",6,31.128529074999996,0.975,41.63380462,61.004501274999996,19.370696654999996,0.0,0.1111111111111111,0.22829403946913654,0.03977731827930428,0.5771197052182238,0.0,0.3157894736842105,0.28913966531420543
"next_to_infinity_mall,_new_link_rd,_malad_west,_mumbai","Next to Infinity Mall, New Link Rd, Malad West, Mumbai",Magenta,69.28636088500001,34.643180442500004,0.96,30.493581130000003,2,Hyundai Kona,Morning,Thursday,19.1736,72.8352,Mumbai,Maharashtra,"Next to Infinity Mall, New Link Rd, Malad West, Mumbai",6,34.643180442500004,0.96,42.149339485,79.973947175,37.82460769000001,0.0,0.1111111111111111,0.25919650622437596,0.039054094310589656,0.698091421906114,0.0,0.3157894736842105,0.31493871710932736
"next_to_vrl_logistics,_ashok_gardens,_pd’mello_rd,_sewri_west,_mumbai_400033","Next to VRL Logistics, Ashok Gardens, PD’Mello Rd, Sewri West, Mumbai 400033",Ather,21.13404478,21.13404478,0.65,32.2920457,1,Hyundai Kona,Night,Sunday,18.9959,72.8532,Mumbai,Maharashtra,"Next to VRL Logistics, Ashok Gardens, PD’Mello Rd, Sewri West, Mumbai 400033",3,21.13404478,0.65,44.71421516,79.20117924,34.48696408,1.0,0.0,0.14041783600896524,0.024107465623820774,0.6762120232015093,1.0,0.15789473684210525,0.26526279851853396
"ns_phadake_marg,_opp_teli_galli,near_eastern_expres_highway,_andheri_east_mumbai_400069u00c2u00a0","NS Phadake Marg, Opp Teli galli,Near Eastern expres Highway, Andheri East Mumbai 400069u00c2u00a0",ATUM,47.31460938,47.31460938,4.66,10.16337295,1,TATA Nexon,Afternoon,Sunday,19.1142415,72.8518766,Mumbai,Maharashtra,"NS Phadake Marg, Opp Teli galli,Near Eastern expres Highway, Andheri East Mumbai 400069u00c2u00a0",3,47.31460938,4.66,40.48798797,98.82353364,58.335545669999995,1.0,0.0,0.37060966518045313,0.21744933992686338,0.8325476557967767,1.0,0.15789473684210525,0.3655952881310003
"on_western_express_highway,_adjacent_to_hub_mall,_cama_industrial_estate,_goregaon,_mumbai,_maharashtra_,goregaon","On Western Express Highway, adjacent to Hub Mall, Cama Industrial Estate, Goregaon, Mumbai, Maharashtra ,Goregaon",ATUM,56.06879095,56.06879095,1.99,28.16853365,1,MG Comet,Afternoon,Monday,19.15381142,72.85579572,Mumbai,Maharashtra,"On Western Express Highway, adjacent to Hub Mall, Cama Industrial Estate, Goregaon, Mumbai, Maharashtra ,Goregaon",0,56.06879095,1.99,75.63146824,55.82273779,-19.808730450000006,0.0,0.0,0.4475805441238976,0.08871547349566045,0.32028512165755246,0.0,0.0,0.3188094516291733
"opp_panvel_station,_raigad","Opp Panvel Station, Raigad",ATUM,60.58245969,30.291229845,3.33,15.9409022035,2,Hyundai Kona,Evening,Saturday,18.9897,73.1145,Mumbai,Maharashtra,"Opp Panvel Station, Raigad",5,30.291229845,3.3299999999999996,49.92221438,86.198398545,36.276184165000004,1.0,0.1111111111111111,0.22093211109737107,0.15332348136750013,0.6879409745768784,1.0,0.2631578947368421,0.32317172677598716
"opposite_s.l.raheja_hospital,_mahim_causeway,_mahim_(west),_raheja_hospital_marg,_mumbai,_maharashtra","Opposite S.L.Raheja Hospital, Mahim Causeway, Mahim (West), Raheja Hospital Marg, Mumbai, Maharashtra",Fortum,5.755524649,5.755524649,0.15,39.1270254,2,Hyundai Kona,Evening,Friday,19.04520829,72.84154175,Mumbai,Maharashtra,"Opposite S.L.Raheja Hospital, Mahim Causeway, Mahim (West), Raheja Hospital Marg, Mumbai, Maharashtra",6,26.4764846695,1.0799999999999998,69.24652829,83.94045997,14.693931680000006,0.0,0.1111111111111111,0.005202658911316271,0.0,0.5464619066356619,0.0,0.3157894736842105,0.22479041855943566
"opposite_s.l.raheja_hospital,_mahim_causeway,_mahim_(west),_raheja_hospital_marg,_mumbai,_maharashtra","Opposite S.L.Raheja Hospital, Mahim Causeway, Mahim (West), Raheja Hospital Marg, Mumbai, Maharashtra",VoltaPoint,47.19744469,47.19744469,2.01,23.43002275,2,Hyundai Kona,Evening,Friday,19.04520829,72.84154175,Mumbai,Maharashtra,"Opposite S.L.Raheja Hospital, Mahim Causeway, Mahim (West), Raheja Hospital Marg, Mumbai, Maharashtra",6,26.4764846695,1.0799999999999998,69.24652829,83.94045997,14.693931680000006,0.0,0.1111111111111111,0.36957949815703406,0.08967977212061327,0.5464619066356619,0.0,0.3157894736842105,0.32485260558292645
"opposite_s.l.raheja_hospital,_mahim_ncauseway,_mahim_(west),_raheja_hospital_nmarg,_mumbai,_maharashtra_400016","Opposite S.L.Raheja Hospital, Mahim nCauseway, Mahim (West), Raheja Hospital nMarg, Mumbai, Maharashtra 400016",EV Point,52.952969339,26.4764846695,1.0799999999999998,31.278524075,2,Hyundai Kona,Evening,Friday,19.04527839,72.84168159,Mumbai,Maharashtra,"Opposite S.L.Raheja Hospital, Mahim nCauseway, Mahim (West), Raheja Hospital nMarg, Mumbai, Maharashtra 400016",7,26.4764846695,1.0799999999999998,69.24652829,83.94045997,14.693931680000006,0.0,0.1111111111111111,0.1873910785341752,0.04483988606030664,0.5464619066356619,0.0,0.3684210526315789,0.26692677522907576
"orion_mall,_panvel","Orion Mall, Panvel",Statiq,145.98387584,48.661291946666665,1.8766666666666667,28.07524687133333,3,Hyundai Kona,Evening,Thursday,18.9892,73.117,Mumbai,Maharashtra,"Orion Mall, Panvel",5,48.661291946666665,1.8766666666666667,25.472833416666663,79.34709212,53.87425870333334,0.0,0.2222222222222222,0.38245033126503225,0.08325111462092774,0.803302389469688,0.0,0.2631578947368421,0.41273714626605545
"oshiwara_police_station_lane,_andheri_west,_mumbai","Oshiwara Police Station Lane, Andheri West, Mumbai",Magenta,12.04931971,12.04931971,0.41,29.46894436,1,TATA Tiago,Night,Saturday,19.1441,72.8366,Mumbai,Maharashtra,"Oshiwara Police Station Lane, Andheri West, Mumbai",5,12.04931971,0.41,36.63685216,66.97610432,30.339252160000008,1.0,0.0,0.06054066325374616,0.012535882124386803,0.6490223488643141,1.0,0.2631578947368421,0.224268422144996
"panvel_railway_station_east,_navi_mumbai","Panvel Railway Station East, Navi Mumbai",Tata Power,21.27074191,21.27074191,0.53,40.17685077,1,Hyundai Kona,Morning,Saturday,18.9907,73.1195,Mumbai,Maharashtra,"Panvel Railway Station East, Navi Mumbai",5,21.27074191,0.53,23.97110918,90.94302581,66.97191663,1.0,0.0,0.14161974142536687,0.018321673874103793,0.8891620297906222,1.0,0.2631578947368421,0.2811377230018191
"pay_&_park,_central_ave,_hiranandani_gardens,_powai,_mumbai,_maharashtra_400076","Pay & Park, Central Ave, Hiranandani Gardens, Powai, Mumbai, Maharashtra 400076",Ather,13.58796474,13.58796474,0.33,40.81172935,4,TATA Curvv,Morning,Monday,19.11644,72.90968,Mumbai,Maharashtra,"Pay & Park, Central Ave, Hiranandani Gardens, Powai, Mumbai, Maharashtra 400076",12,38.47578438,1.4925000000000002,48.120941095,75.065888815,26.944947719999995,0.25,0.3333333333333333,0.07406915354082418,0.00867868762457548,0.6267715189838974,0.25,0.631578947368421,0.2853307095566517
"pay_&_park,_central_ave,_hiranandani_gardens,_powai,_mumbai,_maharashtra_400076","Pay & Park, Central Ave, Hiranandani Gardens, Powai, Mumbai, Maharashtra 400076",EV Dock,70.62045542,70.62045542,3.85,18.33554746,4,TATA Curvv,Morning,Monday,19.11644,72.90968,Mumbai,Maharashtra,"Pay & Park, Central Ave, Hiranandani Gardens, Powai, Mumbai, Maharashtra 400076",12,38.47578438,1.4925000000000002,48.120941095,75.065888815,26.944947719999995,0.25,0.3333333333333333,0.5755256176170432,0.17839524561627373,0.6267715189838974,0.25,0.631578947368421,0.4276664813748763
"pay_&_park,_central_ave,_hiranandani_gardens,_powai,_mumbai,_maharashtra_400076","Pay & Park, Central Ave, Hiranandani Gardens, Powai, Mumbai, Maharashtra 400076",EV Point,47.67827375,47.67827375,1.26,37.74994618,4,TATA Curvv,Morning,Monday,19.11644,72.90968,Mumbai,Maharashtra,"Pay & Park, Central Ave, Hiranandani Gardens, Powai, Mumbai, Maharashtra 400076",12,38.47578438,1.4925000000000002,48.120941095,75.065888815,26.944947719999995,0.25,0.3333333333333333,0.3738071732485104,0.05351857368488212,0.6267715189838974,0.25,0.631578947368421,0.3647492030896039
"pay_&_park,_central_ave,_hiranandani_gardens,_powai,_mumbai,_maharashtra_400076","Pay & Park, Central Ave, Hiranandani Gardens, Powai, Mumbai, Maharashtra 400076",EVteQ,22.01644361,22.01644361,0.53,41.19625064,4,TATA Curvv,Morning,Monday,19.11644,72.90968,Mumbai,Maharashtra,"Pay & Park, Central Ave, Hiranandani Gardens, Powai, Mumbai, Maharashtra 400076",12,38.47578438,1.4925000000000002,48.120941095,75.065888815,26.944947719999995,0.25,0.3333333333333333,0.1481763012613334,0.018321673874103793,0.6267715189838974,0.25,0.631578947368421,0.30482179511173185
"phoenix_mills_compound,_lower_parel,_mumbai","Phoenix Mills Compound, Lower Parel, Mumbai",Statiq,162.64705179,54.21568393,2.5766666666666667,23.88325425333333,3,TATA Curvv,Morning,Sunday,19.0029,72.824,Mumbai,Maharashtra,"Phoenix Mills Compound, Lower Parel, Mumbai",14,54.215683930000004,2.5766666666666667,47.30803354,85.01236185666667,37.704328316666675,1.0,0.2222222222222222,0.4312871562194852,0.11700156649427683,0.6973029493570331,1.0,0.7368421052631579,0.341368850096158
"plot_1,_sector_21,_nerul,_navi_mumbai","Plot 1, Sector 21, Nerul, Navi Mumbai",EV Point,49.53480946,49.53480946,1.18,42.13698966,1,Hyundai Kona,Night,Sunday,19.0337,73.0204,Mumbai,Maharashtra,"Plot 1, Sector 21, Nerul, Navi Mumbai",7,49.53480946,1.18,79.74068238,53.90525935,-25.835423029999994,1.0,0.0,0.39013070780693193,0.0496613791850708,0.280778084587198,1.0,0.3684210526315789,0.23935236966358292
"plot_no,_p._n._1207,_cadell_rd._mumbai,_prabhadevi_cadel_rd.,_mumbai_-_400022","Plot No, P. N. 1207, CADELL RD. MUMBAI, PRABHADEVI CADEL RD., MUMBAI - 400022",Jio-bp Pulse,12.92754529,12.92754529,0.53,24.21115012,1,TATA Tiago,Afternoon,Monday,19.018857,72.831076,Mumbai,Maharashtra,"Plot No, P. N. 1207, CADELL RD. MUMBAI, PRABHADEVI CADEL RD., MUMBAI - 400022",11,12.92754529,0.53,71.68354384,63.70663794,-7.976905899999998,0.0,0.0,0.06826243533063217,0.018321673874103793,0.3978467900024776,0.0,0.5789473684210527,0.14173268945728212
"plot_no_dx_12,thane_-_belapur_road_d'_zone_bonsari,_village,_ttc_industrial_area,_turbhe,_navi_mumbai,_maharashtra_,thane","Plot No DX 12,Thane - Belapur Road D' Zone Bonsari, Village, TTC Industrial Area, Turbhe, Navi Mumbai, Maharashtra ,Thane",EV Point,65.04979561,65.04979561,2.88,22.55945181,1,TATA Nexon,Night,Saturday,19.0640261,73.01971543,Mumbai,Maharashtra,"Plot No DX 12,Thane - Belapur Road D' Zone Bonsari, Village, TTC Industrial Area, Turbhe, Navi Mumbai, Maharashtra ,Thane",4,65.04979561,2.88,83.58728192,80.04211898,-3.5451629399999973,1.0,0.0,0.5265457582844453,0.13162676230606143,0.4268983852320127,1.0,0.21052631578947367,0.32725492621809826
"powai_plaza_mall_parking,_powai,_mumbai","Powai Plaza Mall Parking, Powai, Mumbai",Fortum,72.753281236,36.376640618,1.185,24.24534707,2,TATA Nexon,Evening,Monday,19.1182,72.9053,Mumbai,Maharashtra,"Powai Plaza Mall Parking, Powai, Mumbai",19,36.376640618,1.185,62.791704395,67.866281765,5.07457737,0.0,0.1111111111111111,0.27443790283636005,0.04990245384130901,0.4834037396106492,0.0,1.0,0.18499917092370716
"priyadarshini_park,_mumbai","Priyadarshini Park, Mumbai",Jio-bp Pulse,84.93855993,42.469279965,1.535,27.652705685,2,Hyundai Kona,Morning,Saturday,18.9636,72.8019,Mumbai,Maharashtra,"Priyadarshini Park, Mumbai",3,42.469279965,1.5350000000000001,51.869309295,81.437409605,29.56810031,0.5,0.1111111111111111,0.3280072515954815,0.06677767977798355,0.6439671839757106,0.5,0.15789473684210525,0.3504793368355984
"raghuleela_mega_mall,_kandivali_west,_mumbai","Raghuleela Mega Mall, Kandivali West, Mumbai",Tata Power,64.41904929,64.41904929,2.62,24.62165118,1,TATA Nexon,Evening,Friday,19.2053,72.8444,Mumbai,Maharashtra,"Raghuleela Mega Mall, Kandivali West, Mumbai",2,64.41904929,2.62,49.17384524,62.34186035,13.168015109999999,0.0,0.0,0.5209999401799731,0.11909088018167463,0.5364590001165345,0.0,0.10526315789473684,0.3568384493964304
"rani_baug_entrance,_byculla_east,_mumbai","Rani Baug Entrance, Byculla East, Mumbai",Tata Power,61.63104966,61.63104966,3.02,20.39119229,1,MG Comet,Night,Wednesday,18.9788,72.8337,Mumbai,Maharashtra,"Rani Baug Entrance, Byculla East, Mumbai",9,61.63104966,3.02,23.35781808,96.40888301,73.05106493,0.0,0.0,0.49648653703666845,0.13837685268073124,0.9290129320983491,0.0,0.47368421052631576,0.35625862776304523
"rb_mehta_marg,_chembur_east,_mumbai","RB Mehta Marg, Chembur East, Mumbai",Magenta,10.18500019,10.18500019,0.34,29.83066536,1,MG Comet,Evening,Monday,19.0546,72.9047,Mumbai,Maharashtra,"RB Mehta Marg, Chembur East, Mumbai",5,10.18500019,0.34,63.63470753,22.88625804,-40.74844949,0.0,0.0,0.04414868977931198,0.009160836937051895,0.18301808084292243,0.0,0.2631578947368421,0.14993228405444525
"reliable_plaza,_airoli,_navi_mumbai","Reliable Plaza, Airoli, Navi Mumbai",Tata Power,69.71594631,69.71594631,6.93,10.06309377,1,TATA Nexon,Evening,Saturday,19.164,72.9948,Mumbai,Maharashtra,"Reliable Plaza, Airoli, Navi Mumbai",0,69.71594631,6.93,20.4323108,79.5199883,59.0876775,1.0,0.0,0.5675727483907939,0.32689723385900965,0.8374781379302463,1.0,0.0,0.45020463117313636
"runwal_anthurium_rd,_opposite_veena_nagar,_vardhman_nagar,_mulund_west","Runwal Anthurium Rd, opposite Veena Nagar, Vardhman Nagar, Mulund West",ATUM,23.54038392,23.54038392,6.71,3.508161487,2,MG Comet,Evening,Thursday,19.18066617,72.94684724,Mumbai,Maharashtra,"Runwal Anthurium Rd, opposite Veena Nagar, Vardhman Nagar, Mulund West",4,33.39745053,4.475,16.80024064,62.28066507,45.48042443,0.0,0.1111111111111111,0.16157550073876042,0.31628994898452856,0.748277926649155,0.0,0.21052631578947367,0.34157450060098404
"runwal_anthurium_rd,_opposite_veena_nagar,_vardhman_nagar,_mulund_west","Runwal Anthurium Rd, opposite Veena Nagar, Vardhman Nagar, Mulund West",Fortum,43.25451714,43.25451714,2.24,19.27803572,2,MG Comet,Evening,Thursday,19.18066617,72.94684724,Mumbai,Maharashtra,"Runwal Anthurium Rd, opposite Veena Nagar, Vardhman Nagar, Mulund West",4,33.39745053,4.475,16.80024064,62.28066507,45.48042443,0.0,0.1111111111111111,0.33491142590983913,0.10076920630757084,0.748277926649155,0.0,0.21052631578947367,0.363356407626058
"saki_vihar_rd,_near_saki_naka_metro,_andheri_east,_mumbai","Saki Vihar Rd, Near Saki Naka Metro, Andheri East, Mumbai",Volttic,6.443672289,6.443672289,0.43,14.99241844,1,TATA Tiago,Night,Tuesday,19.1265,72.8874,Mumbai,Maharashtra,"Saki Vihar Rd, Near Saki Naka Metro, Andheri East, Mumbai",16,6.443672289,0.43,81.59731029,84.92637815,3.329067860000009,0.0,0.0,0.011253176400600771,0.013500180749339634,0.471961326047516,0.0,0.8421052631578947,0.09864172160852736
"sakinaka_junction,_andheri_east,_mumbai","Sakinaka Junction, Andheri East, Mumbai",EVteQ,139.667496744,34.916874186,1.4225,31.828351105,4,TATA Curvv,Afternoon,Saturday,19.102,72.8872,Mumbai,Maharashtra,"Sakinaka Junction, Andheri East, Mumbai",5,34.916874186,1.4224999999999999,30.483462315,74.5707128325,44.08725051750001,0.5,0.3333333333333333,0.2616029502568723,0.06135350001262388,0.739145193781837,0.5,0.2631578947368421,0.4096008490888963
"santacruz_west,_near_railway_station,_mumbai","Santacruz West, Near Railway Station, Mumbai",Statiq,32.755298878,16.377649439,1.24,14.28573786,2,Hyundai Kona,Night,Sunday,19.0803,72.8365,Mumbai,Maharashtra,"Santacruz West, Near Railway Station, Mumbai",2,16.377649439,1.24,40.09462064,64.819674745,24.725054104999998,0.5,0.1111111111111111,0.09859737260278134,0.05255427505992929,0.6122193548945772,0.5,0.10526315789473684,0.2948370890955532
"santacruz_west,_next_to_railway_station,_mumbai","Santacruz West, Next to Railway Station, Mumbai",ATUM,139.30529151000002,46.435097170000006,3.456666666666667,24.03322546133333,3,MG Comet,Evening,Friday,19.0815,72.8367,Mumbai,Maharashtra,"Santacruz West, Next to Railway Station, Mumbai",2,46.435097170000006,3.456666666666667,40.90018004666667,77.96387462333333,37.063694576666656,0.0,0.2222222222222222,0.3628765804478742,0.1594307059922014,0.693103375448337,0.0,0.10526315789473684,0.42261602612200644
"seawoods_station,_navi_mumbai","Seawoods Station, Navi Mumbai",Statiq,115.94808892,57.97404446,3.4850000000000003,23.30072588,2,Hyundai Kona,Morning,Friday,19.0387,73.0222,Mumbai,Maharashtra,"Seawoods Station, Navi Mumbai",7,57.97404446,3.4850000000000003,69.87264186,64.682530405,-5.190111455000007,0.5,0.1111111111111111,0.4643324284779231,0.1607967957108846,0.41611518348440835,0.5,0.3684210526315789,0.3282057952073825
"seven_hills_hospital,_andheri_east,_sevenhills_health_city,_marol_maroshi_road,_andheri_east,_mumbai,_maharashtra_400059","Seven Hills Hospital, Andheri East, SevenHills Health City, Marol Maroshi Road, Andheri East, Mumbai, Maharashtra 400059",ChargeZone,10.24188589,10.24188589,0.35,29.21621369,10,TATA Tiago,Evening,Friday,19.118831,72.87823,Mumbai,Maharashtra,"Seven Hills Hospital, Andheri East, SevenHills Health City, Marol Maroshi Road, Andheri East, Mumbai, Maharashtra 400059",8,49.9052843484,3.527500698,45.96439937,78.61113063399999,32.64673126399999,0.5,1.0,0.0446488555907361,0.009642986249528309,0.6641486658766206,0.5,0.42105263157894735,0.5485909176672878
"seven_hills_hospital,_andheri_east,_sevenhills_health_city,_marol_maroshi_road,_andheri_east,_mumbai,_maharashtra_400059","Seven Hills Hospital, Andheri East, SevenHills Health City, Marol Maroshi Road, Andheri East, Mumbai, Maharashtra 400059",EV Dock,139.67857606,69.83928803,5.140000000000001,14.870835175,10,TATA Tiago,Evening,Friday,19.118831,72.87823,Mumbai,Maharashtra,"Seven Hills Hospital, Andheri East, SevenHills Health City, Marol Maroshi Road, Andheri East, Mumbai, Maharashtra 400059",8,49.9052843484,3.527500698,45.96439937,78.61113063399999,32.64673126399999,0.5,1.0,0.5686572267652579,0.24059250692573136,0.6641486658766206,0.5,0.42105263157894735,0.7026879625285386
"seven_hills_hospital,_andheri_east,_sevenhills_health_city,_marol_maroshi_road,_andheri_east,_mumbai,_maharashtra_400059","Seven Hills Hospital, Andheri East, SevenHills Health City, Marol Maroshi Road, Andheri East, Mumbai, Maharashtra 400059",EV Point,45.81366157,45.81366157,2.64,17.3546406,10,TATA Tiago,Evening,Friday,19.118831,72.87823,Mumbai,Maharashtra,"Seven Hills Hospital, Andheri East, SevenHills Health City, Marol Maroshi Road, Andheri East, Mumbai, Maharashtra 400059",8,49.9052843484,3.527500698,45.96439937,78.61113063399999,32.64673126399999,0.5,1.0,0.3574126265698022,0.12005517880662747,0.6641486658766206,0.5,0.42105263157894735,0.6378230796677643
"seven_hills_hospital,_andheri_east,_sevenhills_health_city,_marol_maroshi_road,_andheri_east,_mumbai,_maharashtra_400059","Seven Hills Hospital, Andheri East, SevenHills Health City, Marol Maroshi Road, Andheri East, Mumbai, Maharashtra 400059",Fortum,6.268235994,6.268235994,11.08500698,26.50712322,10,TATA Tiago,Evening,Friday,19.118831,72.87823,Mumbai,Maharashtra,"Seven Hills Hospital, Andheri East, SevenHills Health City, Marol Maroshi Road, Andheri East, Mumbai, Maharashtra 400059",8,49.9052843484,3.527500698,45.96439937,78.61113063399999,32.64673126399999,0.5,1.0,0.009710658037604167,0.5272306097331804,0.6641486658766206,0.5,0.42105263157894735,0.59161513062737
"seven_hills_hospital,_andheri_east,_sevenhills_health_city,_marol_maroshi_road,_andheri_east,_mumbai,_maharashtra_400059","Seven Hills Hospital, Andheri East, SevenHills Health City, Marol Maroshi Road, Andheri East, Mumbai, Maharashtra 400059",Jio-bp Pulse,71.14274636,71.14274636,4.8,14.82991098,10,TATA Tiago,Evening,Friday,19.118831,72.87823,Mumbai,Maharashtra,"Seven Hills Hospital, Andheri East, SevenHills Health City, Marol Maroshi Road, Andheri East, Mumbai, Maharashtra 400059",8,49.9052843484,3.527500698,45.96439937,78.61113063399999,32.64673126399999,0.5,1.0,0.5801178450451063,0.2241994303015332,0.6641486658766206,0.5,0.42105263157894735,0.703913809436081
"seven_hills_hospital,_andheri_east,_sevenhills_health_city,_marol_maroshi_road,_andheri_east,_mumbai,_maharashtra_400059","Seven Hills Hospital, Andheri East, SevenHills Health City, Marol Maroshi Road, Andheri East, Mumbai, Maharashtra 400059",Kazam,61.56734925,61.56734925,1.49,41.31627182,10,TATA Tiago,Evening,Friday,19.118831,72.87823,Mumbai,Maharashtra,"Seven Hills Hospital, Andheri East, SevenHills Health City, Marol Maroshi Road, Andheri East, Mumbai, Maharashtra 400059",8,49.9052843484,3.527500698,45.96439937,78.61113063399999,32.64673126399999,0.5,1.0,0.4959264530919213,0.06460800787183968,0.6641486658766206,0.5,0.42105263157894735,0.6669068192048152
"seven_hills_hospital,_andheri_east,_sevenhills_health_city,_marol_maroshi_road,_andheri_east,_mumbai,_maharashtra_400059","Seven Hills Hospital, Andheri East, SevenHills Health City, Marol Maroshi Road, Andheri East, Mumbai, Maharashtra 400059",Magenta,16.56106433,16.56106433,0.84,19.76909872,10,TATA Tiago,Evening,Friday,19.118831,72.87823,Mumbai,Maharashtra,"Seven Hills Hospital, Andheri East, SevenHills Health City, Marol Maroshi Road, Andheri East, Mumbai, Maharashtra 400059",8,49.9052843484,3.527500698,45.96439937,78.61113063399999,32.64673126399999,0.5,1.0,0.10021004253185459,0.03326830256087267,0.6641486658766206,0.5,0.42105263157894735,0.5648437460337019
"seven_hills_hospital,_andheri_east,_sevenhills_health_city,_marol_maroshi_road,_andheri_east,_mumbai,_maharashtra_400059","Seven Hills Hospital, Andheri East, SevenHills Health City, Marol Maroshi Road, Andheri East, Mumbai, Maharashtra 400059",Statiq,71.28000416,71.28000416,1.75,40.61639923,10,TATA Tiago,Evening,Friday,19.118831,72.87823,Mumbai,Maharashtra,"Seven Hills Hospital, Andheri East, SevenHills Health City, Marol Maroshi Road, Andheri East, Mumbai, Maharashtra 400059",8,49.9052843484,3.527500698,45.96439937,78.61113063399999,32.64673126399999,0.5,1.0,0.5813246801356702,0.07714388999622648,0.6641486658766206,0.5,0.42105263157894735,0.6895099641781912
"seven_hills_hospital,_andheri_east,_sevenhills_health_city,_marol_maroshi_road,_andheri_east,_mumbai,_maharashtra_400059","Seven Hills Hospital, Andheri East, SevenHills Health City, Marol Maroshi Road, Andheri East, Mumbai, Maharashtra 400059",Tata Power,76.49931987,76.49931987,2.04,37.44551098,10,TATA Tiago,Evening,Friday,19.118831,72.87823,Mumbai,Maharashtra,"Seven Hills Hospital, Andheri East, SevenHills Health City, Marol Maroshi Road, Andheri East, Mumbai, Maharashtra 400059",8,49.9052843484,3.527500698,45.96439937,78.61113063399999,32.64673126399999,0.5,1.0,0.627215357004739,0.09112622005804254,0.6641486658766206,0.5,0.42105263157894735,0.7023808664016399
"shree_simandhar_towers,_mahalaxmi_west,_mumbai","Shree Simandhar Towers, Mahalaxmi West, Mumbai",Tata Power,65.18392769,65.18392769,1.69,38.57770533,1,TATA Curvv,Night,Saturday,18.994,72.8231,Mumbai,Maharashtra,"Shree Simandhar Towers, Mahalaxmi West, Mumbai",13,65.18392769,1.69,17.72971756,82.7913617,65.06164414,1.0,0.0,0.5277251105756399,0.07425099412136799,0.8766395383784406,1.0,0.6842105263157894,0.31822072886544445
"sion_east,_near_sion_hospital,_mumbai","Sion East, Near Sion Hospital, Mumbai",Volttic,46.195137,46.195137,0.96,47.87752356,1,Hyundai Kona,Afternoon,Sunday,19.032,72.8597,Mumbai,Maharashtra,"Sion East, Near Sion Hospital, Mumbai",8,46.195137,0.96,53.00518533,59.90164627,6.896460939999997,1.0,0.0,0.3607667378488111,0.039054094310589656,0.49534681133405534,1.0,0.42105263157894735,0.25524122085652795
"spectra,_high_st,_hiranandani_gardens,_powai,_mumbai,_maharashtra_400076","Spectra, High St, Hiranandani Gardens, Powai, Mumbai, Maharashtra 400076",ChargeZone,70.62045542,70.62045542,3.85,18.33554746,4,TATA Curvv,Morning,Monday,19.11637,72.91086,Mumbai,Maharashtra,"Spectra, High St, Hiranandani Gardens, Powai, Mumbai, Maharashtra 400076",12,38.47578438,1.4925000000000002,48.120941095,75.065888815,26.944947719999995,0.25,0.3333333333333333,0.5755256176170432,0.17839524561627373,0.6267715189838974,0.25,0.631578947368421,0.4276664813748763
"spectra,_high_st,_hiranandani_gardens,_powai,_mumbai,_maharashtra_400076","Spectra, High St, Hiranandani Gardens, Powai, Mumbai, Maharashtra 400076",Jio-bp Pulse,22.01644361,22.01644361,0.53,41.19625064,4,TATA Curvv,Morning,Monday,19.11637,72.91086,Mumbai,Maharashtra,"Spectra, High St, Hiranandani Gardens, Powai, Mumbai, Maharashtra 400076",12,38.47578438,1.4925000000000002,48.120941095,75.065888815,26.944947719999995,0.25,0.3333333333333333,0.1481763012613334,0.018321673874103793,0.6267715189838974,0.25,0.631578947368421,0.30482179511173185
"spectra,_high_st,_hiranandani_gardens,_powai,_mumbai,_maharashtra_400076","Spectra, High St, Hiranandani Gardens, Powai, Mumbai, Maharashtra 400076",Kazam,47.67827375,47.67827375,1.26,37.74994618,4,TATA Curvv,Morning,Monday,19.11637,72.91086,Mumbai,Maharashtra,"Spectra, High St, Hiranandani Gardens, Powai, Mumbai, Maharashtra 400076",12,38.47578438,1.4925000000000002,48.120941095,75.065888815,26.944947719999995,0.25,0.3333333333333333,0.3738071732485104,0.05351857368488212,0.6267715189838974,0.25,0.631578947368421,0.3647492030896039
"spectra,_high_st,_hiranandani_gardens,_powai,_mumbai,_maharashtra_400076","Spectra, High St, Hiranandani Gardens, Powai, Mumbai, Maharashtra 400076",Volttic,13.58796474,13.58796474,0.33,40.81172935,4,TATA Curvv,Morning,Monday,19.11637,72.91086,Mumbai,Maharashtra,"Spectra, High St, Hiranandani Gardens, Powai, Mumbai, Maharashtra 400076",12,38.47578438,1.4925000000000002,48.120941095,75.065888815,26.944947719999995,0.25,0.3333333333333333,0.07406915354082418,0.00867868762457548,0.6267715189838974,0.25,0.631578947368421,0.2853307095566517
"station_rd,_parel_east,_parel,_mumbai_400014","Station Rd, Parel East, Parel, Mumbai 400014",Magenta,40.25719688,40.25719688,2.24,17.94739459,1,Hyundai Kona,Afternoon,Friday,19.0079,72.8425,Mumbai,Maharashtra,"Station Rd, Parel East, Parel, Mumbai 400014",14,40.25719688,2.24,28.84132949,85.27530271,56.433973220000006,0.0,0.0,0.3085575774041367,0.10076920630757084,0.8200821961309852,0.0,0.7368421052631579,0.24970232861196537
"taloja_midc,_navi_mumbai","Taloja MIDC, Navi Mumbai",Magenta,34.07799973,34.07799973,2.71,12.59762021,1,Hyundai Kona,Night,Monday,19.0378,73.1318,Mumbai,Maharashtra,"Taloja MIDC, Navi Mumbai",0,34.07799973,2.71,70.12447702,61.59652123,-8.52795579,0.0,0.0,0.254227171757738,0.12343022399396236,0.3942344689585784,0.0,0.0,0.28503498568261754
"taloja_panchanand_station,_navi_mumbai","Taloja Panchanand Station, Navi Mumbai",Tata Power,63.62653233,63.62653233,6.37,9.986771923,1,TATA Nexon,Afternoon,Sunday,19.0494,73.1166,Mumbai,Maharashtra,"Taloja Panchanand Station, Navi Mumbai",1,63.62653233,6.37,41.00608003,71.25331651,30.247236480000005,1.0,0.0,0.5140317585743012,0.2998968723603304,0.6484191545197282,1.0,0.05263157894736842,0.3978657632154623
"tata_power_dharavi_colony_labour_camp_dharavi_,matunga_,mumbai_400019","Tata Power Dharavi Colony labour camp dharavi ,Matunga ,Mumbai 400019",EV Dock,37.11856726,37.11856726,4.27,8.690646596,3,MG Comet,Morning,Monday,19.034402,72.85284,Mumbai,Maharashtra,"Tata Power Dharavi Colony labour camp dharavi ,Matunga ,Mumbai 400019",10,19.968153646666668,1.803333333333333,55.86941979333333,84.55843555333333,28.689015759999997,0.3333333333333333,0.2222222222222222,0.28096127058806386,0.19864551674028316,0.6382044832167437,0.3333333333333333,0.5263157894736842,0.33466595116028097
"tata_power_dharavi_colony_labour_camp_dharavi_,matunga_,mumbai_400019","Tata Power Dharavi Colony labour camp dharavi ,Matunga ,Mumbai 400019",EV Point,14.50345514,14.50345514,0.39,37.65992488,3,MG Comet,Morning,Monday,19.034402,72.85284,Mumbai,Maharashtra,"Tata Power Dharavi Colony labour camp dharavi ,Matunga ,Mumbai 400019",10,19.968153646666668,1.803333333333333,55.86941979333333,84.55843555333333,28.689015759999997,0.3333333333333333,0.2222222222222222,0.0821185754301037,0.011571583499433971,0.6382044832167437,0.3333333333333333,0.5263157894736842,0.266247884046706
"tata_power_dharavi_colony_labour_camp_dharavi_,matunga_,mumbai_400019","Tata Power Dharavi Colony labour camp dharavi ,Matunga ,Mumbai 400019",Statiq,8.28243854,8.28243854,0.75,11.01799661,3,MG Comet,Morning,Monday,19.034402,72.85284,Mumbai,Maharashtra,"Tata Power Dharavi Colony labour camp dharavi ,Matunga ,Mumbai 400019",10,19.968153646666668,1.803333333333333,55.86941979333333,84.55843555333333,28.689015759999997,0.3333333333333333,0.2222222222222222,0.02742047352361579,0.028928958748584935,0.6382044832167437,0.3333333333333333,0.5263157894736842,0.2543090960949992
"technology_st,hirananadani_gardens,sainath_nagar,powai,mumbai,maharashtara_400076","TECHNOLOGY ST,HIRANANADANI GARDENS,SAINATH NAGAR,POWAI,MUMBAI,MAHARASHTARA 400076",ATUM,26.99234408,26.99234408,0.58,46.58137118,6,TATA Curvv,Morning,Monday,19.11999443,72.9141036,Mumbai,Maharashtra,"TECHNOLOGY ST,HIRANANADANI GARDENS,SAINATH NAGAR,POWAI,MUMBAI,MAHARASHTARA 400076",10,39.42093731,0.7366666666666667,43.17706700666667,65.43238597666667,22.255318969999998,0.3333333333333333,0.5555555555555556,0.1919267569319711,0.020732420436485863,0.5960293939438227,0.3333333333333333,0.5263157894736842,0.4049564163916065
"technology_st,hirananadani_gardens,sainath_nagar,powai,mumbai,maharashtara_400076","TECHNOLOGY ST,HIRANANADANI GARDENS,SAINATH NAGAR,POWAI,MUMBAI,MAHARASHTARA 400076",Ather,26.99234408,26.99234408,0.58,46.58137118,6,TATA Curvv,Morning,Monday,19.11999443,72.9141036,Mumbai,Maharashtra,"TECHNOLOGY ST,HIRANANADANI GARDENS,SAINATH NAGAR,POWAI,MUMBAI,MAHARASHTARA 400076",10,39.42093731,0.7366666666666667,43.17706700666667,65.43238597666667,22.255318969999998,0.3333333333333333,0.5555555555555556,0.1919267569319711,0.020732420436485863,0.5960293939438227,0.3333333333333333,0.5263157894736842,0.4049564163916065
"technology_st,hirananadani_gardens,sainath_nagar,powai,mumbai,maharashtara_400076","TECHNOLOGY ST,HIRANANADANI GARDENS,SAINATH NAGAR,POWAI,MUMBAI,MAHARASHTARA 400076",ChargeZone,21.82050637,21.82050637,0.22,97.3422547,6,TATA Curvv,Morning,Monday,19.11999443,72.9141036,Mumbai,Maharashtra,"TECHNOLOGY ST,HIRANANADANI GARDENS,SAINATH NAGAR,POWAI,MUMBAI,MAHARASHTARA 400076",10,39.42093731,0.7366666666666667,43.17706700666667,65.43238597666667,22.255318969999998,0.3333333333333333,0.5555555555555556,0.14645352895418415,0.003375045187334908,0.5960293939438227,0.3333333333333333,0.5263157894736842,0.39185237187224475
"technology_st,hirananadani_gardens,sainath_nagar,powai,mumbai,maharashtara_400076","TECHNOLOGY ST,HIRANANADANI GARDENS,SAINATH NAGAR,POWAI,MUMBAI,MAHARASHTARA 400076",EV Dock,69.44996148,69.44996148,1.41,49.41673269,6,TATA Curvv,Morning,Monday,19.11999443,72.9141036,Mumbai,Maharashtra,"TECHNOLOGY ST,HIRANANADANI GARDENS,SAINATH NAGAR,POWAI,MUMBAI,MAHARASHTARA 400076",10,39.42093731,0.7366666666666667,43.17706700666667,65.43238597666667,22.255318969999998,0.3333333333333333,0.5555555555555556,0.5652340847490798,0.06075081337202835,0.5960293939438227,0.3333333333333333,0.5263157894736842,0.502285087639438
"technology_st,hirananadani_gardens,sainath_nagar,powai,mumbai,maharashtara_400076","TECHNOLOGY ST,HIRANANADANI GARDENS,SAINATH NAGAR,POWAI,MUMBAI,MAHARASHTARA 400076",Magenta,21.82050637,21.82050637,0.22,97.3422547,6,TATA Curvv,Morning,Monday,19.11999443,72.9141036,Mumbai,Maharashtra,"TECHNOLOGY ST,HIRANANADANI GARDENS,SAINATH NAGAR,POWAI,MUMBAI,MAHARASHTARA 400076",10,39.42093731,0.7366666666666667,43.17706700666667,65.43238597666667,22.255318969999998,0.3333333333333333,0.5555555555555556,0.14645352895418415,0.003375045187334908,0.5960293939438227,0.3333333333333333,0.5263157894736842,0.39185237187224475
"technology_st,hirananadani_gardens,sainath_nagar,powai,mumbai,maharashtara_400076","TECHNOLOGY ST,HIRANANADANI GARDENS,SAINATH NAGAR,POWAI,MUMBAI,MAHARASHTARA 400076",Volttic,69.44996148,69.44996148,1.41,49.41673269,6,TATA Curvv,Morning,Monday,19.11999443,72.9141036,Mumbai,Maharashtra,"TECHNOLOGY ST,HIRANANADANI GARDENS,SAINATH NAGAR,POWAI,MUMBAI,MAHARASHTARA 400076",10,39.42093731,0.7366666666666667,43.17706700666667,65.43238597666667,22.255318969999998,0.3333333333333333,0.5555555555555556,0.5652340847490798,0.06075081337202835,0.5960293939438227,0.3333333333333333,0.5263157894736842,0.502285087639438
"teli_-_gali_road,_andheri_(east),_mumbai_-_400069","Teli - Gali Road, Andheri (East), Mumbai - 400069",Tata Power,20.46478094,20.46478094,1.1,18.59949061,1,TATA Curvv,Morning,Wednesday,19.11599,72.85018,Mumbai,Maharashtra,"Teli - Gali Road, Andheri (East), Mumbai - 400069",2,20.46478094,1.1,18.13415171,56.11481332,37.98066161,0.0,0.0,0.1345333537649141,0.04580418468525948,0.6991144088795782,0.0,0.10526315789473684,0.27729144455748067
"thane_west_station,_thane","Thane West Station, Thane",Tata Power,52.90446367,52.90446367,3.4,15.57205559,1,MG Comet,Night,Saturday,19.1915,72.972,Mumbai,Maharashtra,"Thane West Station, Thane",2,52.90446367,3.4,89.8386107,97.49538047,7.656769769999997,1.0,0.0,0.419758291402868,0.15669852655483504,0.5003308965073077,1.0,0.10526315789473684,0.32986958629808616
"the_taj_mahal_palace,_colaba,_in_front_of_times_building_,_apollo_bandar,_colaba,_mumbai,_maharashtra_400001","The Taj Mahal Palace, Colaba, In front of Times Building , Apollo Bandar, Colaba, Mumbai, Maharashtra 400001",Ather,10.24188589,10.24188589,0.35,29.21621369,10,TATA Tiago,Evening,Friday,18.92279506,72.83351898,Mumbai,Maharashtra,"The Taj Mahal Palace, Colaba, In front of Times Building , Apollo Bandar, Colaba, Mumbai, Maharashtra 400001",7,49.9052843484,3.3548943706000003,45.96439937,78.61113063399999,32.64673126399999,0.5,1.0,0.0446488555907361,0.009642986249528309,0.6641486658766206,0.5,0.3684210526315789,0.556485654509393
"the_taj_mahal_palace,_colaba,_in_front_of_times_building_,_apollo_bandar,_colaba,_mumbai,_maharashtra_400001","The Taj Mahal Palace, Colaba, In front of Times Building , Apollo Bandar, Colaba, Mumbai, Maharashtra 400001",EV Dock,16.56106433,16.56106433,0.84,19.76909872,10,TATA Tiago,Evening,Friday,18.92279506,72.83351898,Mumbai,Maharashtra,"The Taj Mahal Palace, Colaba, In front of Times Building , Apollo Bandar, Colaba, Mumbai, Maharashtra 400001",7,49.9052843484,3.3548943706000003,45.96439937,78.61113063399999,32.64673126399999,0.5,1.0,0.10021004253185459,0.03326830256087267,0.6641486658766206,0.5,0.3684210526315789,0.5727384828758071
"the_taj_mahal_palace,_colaba,_in_front_of_times_building_,_apollo_bandar,_colaba,_mumbai,_maharashtra_400001","The Taj Mahal Palace, Colaba, In front of Times Building , Apollo Bandar, Colaba, Mumbai, Maharashtra 400001",EV Point,71.28000416,71.28000416,1.75,40.61639923,10,TATA Tiago,Evening,Friday,18.92279506,72.83351898,Mumbai,Maharashtra,"The Taj Mahal Palace, Colaba, In front of Times Building , Apollo Bandar, Colaba, Mumbai, Maharashtra 400001",7,49.9052843484,3.3548943706000003,45.96439937,78.61113063399999,32.64673126399999,0.5,1.0,0.5813246801356702,0.07714388999622648,0.6641486658766206,0.5,0.3684210526315789,0.6974047010202964
"the_taj_mahal_palace,_colaba,_in_front_of_times_building_,_apollo_bandar,_colaba,_mumbai,_maharashtra_400001","The Taj Mahal Palace, Colaba, In front of Times Building , Apollo Bandar, Colaba, Mumbai, Maharashtra 400001",Fortum,62.04623037,62.04623037,3.34,18.56265579,10,TATA Tiago,Evening,Friday,18.92279506,72.83351898,Mumbai,Maharashtra,"The Taj Mahal Palace, Colaba, In front of Times Building , Apollo Bandar, Colaba, Mumbai, Maharashtra 400001",7,49.9052843484,3.3548943706000003,45.96439937,78.61113063399999,32.64673126399999,0.5,1.0,0.5001370009793603,0.15380563067997655,0.6641486658766206,0.5,0.3684210526315789,0.6847739552995938
"the_taj_mahal_palace,_colaba,_in_front_of_times_building_,_apollo_bandar,_colaba,_mumbai,_maharashtra_400001","The Taj Mahal Palace, Colaba, In front of Times Building , Apollo Bandar, Colaba, Mumbai, Maharashtra 400001",Jio-bp Pulse,123.44600726,61.72300363,4.79,14.26682758,10,TATA Tiago,Evening,Friday,18.92279506,72.83351898,Mumbai,Maharashtra,"The Taj Mahal Palace, Colaba, In front of Times Building , Apollo Bandar, Colaba, Mumbai, Maharashtra 400001",7,49.9052843484,3.3548943706000003,45.96439937,78.61113063399999,32.64673126399999,0.5,1.0,0.4972950395604787,0.2237172809890568,0.6641486658766206,0.5,0.3684210526315789,0.6910546299757815
"the_taj_mahal_palace,_colaba,_in_front_of_times_building_,_apollo_bandar,_colaba,_mumbai,_maharashtra_400001","The Taj Mahal Palace, Colaba, In front of Times Building , Apollo Bandar, Colaba, Mumbai, Maharashtra 400001",Kazam,76.49931987,76.49931987,2.04,37.44551098,10,TATA Tiago,Evening,Friday,18.92279506,72.83351898,Mumbai,Maharashtra,"The Taj Mahal Palace, Colaba, In front of Times Building , Apollo Bandar, Colaba, Mumbai, Maharashtra 400001",7,49.9052843484,3.3548943706000003,45.96439937,78.61113063399999,32.64673126399999,0.5,1.0,0.627215357004739,0.09112622005804254,0.6641486658766206,0.5,0.3684210526315789,0.7102756032437451
"the_taj_mahal_palace,_colaba,_in_front_of_times_building_,_apollo_bandar,_colaba,_mumbai,_maharashtra_400001","The Taj Mahal Palace, Colaba, In front of Times Building , Apollo Bandar, Colaba, Mumbai, Maharashtra 400001",Statiq,6.268235994,6.268235994,9.358943706,26.50712322,10,TATA Tiago,Evening,Friday,18.92279506,72.83351898,Mumbai,Maharashtra,"The Taj Mahal Palace, Colaba, In front of Times Building , Apollo Bandar, Colaba, Mumbai, Maharashtra 400001",7,49.9052843484,3.3548943706000003,45.96439937,78.61113063399999,32.64673126399999,0.5,1.0,0.009710658037604167,0.44400858764819134,0.6641486658766206,0.5,0.3684210526315789,0.5911876652609763
"the_taj_mahal_palace,_colaba,_in_front_of_times_building_,_apollo_bandar,_colaba,_mumbai,_maharashtra_400001","The Taj Mahal Palace, Colaba, In front of Times Building , Apollo Bandar, Colaba, Mumbai, Maharashtra 400001",Tata Power,132.71009561,66.355047805,3.145,28.0730914,10,TATA Tiago,Evening,Friday,18.92279506,72.83351898,Mumbai,Maharashtra,"The Taj Mahal Palace, Colaba, In front of Times Building , Apollo Bandar, Colaba, Mumbai, Maharashtra 400001",7,49.9052843484,3.3548943706000003,45.96439937,78.61113063399999,32.64673126399999,0.5,1.0,0.5380221490685138,0.14440371908668645,0.6641486658766206,0.5,0.3684210526315789,0.6933050511625533
"tilak_nagar_railway_station,_mumbai","Tilak Nagar Railway Station, Mumbai",Tata Power,122.27200515,61.136002575,2.36,29.67576312,2,MG Comet,Evening,Thursday,19.0734,72.8892,Mumbai,Maharashtra,"Tilak Nagar Railway Station, Mumbai",11,61.136002575,2.36,49.481459225,61.63713455,12.155675324999997,0.0,0.1111111111111111,0.4921338503867341,0.10655499805728783,0.5298227655844274,0.0,0.5789473684210527,0.31520916086580736
"ttc_industrial_area,_midc_industrial_area,_sanpada,_navi_mumbai","TTC Industrial Area, MIDC Industrial Area, Sanpada, Navi Mumbai",EV Point,69.16916706,69.16916706,12.45,5.557358509,1,Hyundai Kona,Afternoon,Wednesday,19.06870454,73.02298692,Mumbai,Maharashtra,"TTC Industrial Area, MIDC Industrial Area, Sanpada, Navi Mumbai",4,69.16916706,12.45,41.08904487,74.39951853,33.31047365999999,0.0,0.0,0.5627652082313844,0.5930436543459909,0.6684997249518685,0.0,0.21052631578947367,0.4186916788668044
"ulhasnagar_station,_mumbai_region","Ulhasnagar Station, Mumbai Region",Statiq,60.291060838,30.145530419,1.625,15.68846335,2,TATA Curvv,Morning,Monday,19.2336,73.1353,Mumbai,Maharashtra,"Ulhasnagar Station, Mumbai Region",2,30.145530419,1.625,42.70876059,75.27737501,32.56861442,0.5,0.1111111111111111,0.21965105326334042,0.07111702359027129,0.6636365831694375,0.5,0.10526315789473684,0.3346693683549562
"unit_20-22,_laxmi_woollen_mill,_opposite_blue_loft,_dr_e_moses_marg,_off,_shakti_mills_ln,_mahalakshmi,_mumbai","Unit 20-22, Laxmi Woollen Mill, Opposite Blue Loft, Dr E Moses Marg, Off, Shakti Mills Ln, Mahalakshmi, Mumbai",ChargeZone,21.7953825,21.7953825,0.58,37.7362187,4,TATA Tiago,Afternoon,Sunday,18.989356,72.825234,Mumbai,Maharashtra,"Unit 20-22, Laxmi Woollen Mill, Opposite Blue Loft, Dr E Moses Marg, Off, Shakti Mills Ln, Mahalakshmi, Mumbai",9,39.50710025,1.7875,70.5447491325,67.119852795,-3.4248963375000017,0.75,0.3333333333333333,0.14623262808059614,0.020732420436485863,0.42768677406390043,0.75,0.47368421052631576,0.29839845026110196
"unit_20-22,_laxmi_woollen_mill,_opposite_blue_loft,_dr_e_moses_marg,_off,_shakti_mills_ln,_mahalakshmi,_mumbai","Unit 20-22, Laxmi Woollen Mill, Opposite Blue Loft, Dr E Moses Marg, Off, Shakti Mills Ln, Mahalakshmi, Mumbai",EV Dock,23.99396127,23.99396127,0.73,32.93397056,4,TATA Tiago,Afternoon,Sunday,18.989356,72.825234,Mumbai,Maharashtra,"Unit 20-22, Laxmi Woollen Mill, Opposite Blue Loft, Dr E Moses Marg, Off, Shakti Mills Ln, Mahalakshmi, Mumbai",9,39.50710025,1.7875,70.5447491325,67.119852795,-3.4248963375000017,0.75,0.3333333333333333,0.1655635659872561,0.0279646601236321,0.42768677406390043,0.75,0.47368421052631576,0.3039544087064816
"unit_20-22,_laxmi_woollen_mill,_opposite_blue_loft,_dr_e_moses_marg,_off,_shakti_mills_ln,_mahalakshmi,_mumbai","Unit 20-22, Laxmi Woollen Mill, Opposite Blue Loft, Dr E Moses Marg, Off, Shakti Mills Ln, Mahalakshmi, Mumbai",EVteQ,75.62248861,75.62248861,4.5,16.79147373,4,TATA Tiago,Afternoon,Sunday,18.989356,72.825234,Mumbai,Maharashtra,"Unit 20-22, Laxmi Woollen Mill, Opposite Blue Loft, Dr E Moses Marg, Off, Shakti Mills Ln, Mahalakshmi, Mumbai",9,39.50710025,1.7875,70.5447491325,67.119852795,-3.4248963375000017,0.75,0.3333333333333333,0.6195058444446416,0.20973495092724073,0.42768677406390043,0.75,0.47368421052631576,0.43561700740118886
"unit_20-22,_laxmi_woollen_mill,_opposite_blue_loft,_dr_e_moses_marg,_off,_shakti_mills_ln,_mahalakshmi,_mumbai","Unit 20-22, Laxmi Woollen Mill, Opposite Blue Loft, Dr E Moses Marg, Off, Shakti Mills Ln, Mahalakshmi, Mumbai",Jio-bp Pulse,36.61656862,36.61656862,1.34,27.32114694,4,TATA Tiago,Afternoon,Sunday,18.989356,72.825234,Mumbai,Maharashtra,"Unit 20-22, Laxmi Woollen Mill, Opposite Blue Loft, Dr E Moses Marg, Off, Shakti Mills Ln, Mahalakshmi, Mumbai",9,39.50710025,1.7875,70.5447491325,67.119852795,-3.4248963375000017,0.75,0.3333333333333333,0.2765474625992477,0.05737576818469345,0.42768677406390043,0.75,0.47368421052631576,0.33464149366558565
"vasai_west,_palghar","Vasai West, Palghar",Kazam,28.80292498,28.80292498,0.63,45.51884431,1,TATA Curvv,Night,Friday,19.3919,72.833,Mumbai,Maharashtra,"Vasai West, Palghar",0,28.80292498,0.63,73.6868557,81.23277626,7.545920559999999,0.0,0.0,0.20784623520151,0.023143166998867946,0.49960424191350566,0.0,0.0,0.2792165117872901
"vashi_station_east,_navi_mumbai","Vashi Station East, Navi Mumbai",ChargeZone,11.48343149,11.48343149,0.53,21.47990189,1,MG Comet,Night,Friday,19.0708,72.9991,Mumbai,Maharashtra,"Vashi Station East, Navi Mumbai",0,11.48343149,0.53,35.53501681,91.07521077,55.540193959999996,0.0,0.0,0.05556510804863046,0.018321673874103793,0.8142231665075539,0.0,0.0,0.28785691937570107
"versova_metro_station,_andheri_west,_mumbai","Versova Metro Station, Andheri West, Mumbai",ChargeZone,72.65221058,36.32610529,1.86,25.747189944,2,MG Comet,Afternoon,Monday,19.137,72.8261,Mumbai,Maharashtra,"Versova Metro Station, Andheri West, Mumbai",6,36.32610529,1.8599999999999999,19.396232075,64.536192995,45.13996091999999,0.5,0.1111111111111111,0.27399357248031797,0.08244753243346706,0.7460460715591326,0.5,0.3157894736842105,0.3301705249335534
"vikhroli_east,_mumbai","Vikhroli East, Mumbai",EVteQ,33.47231506,33.47231506,0.77,43.48176399,1,TATA Tiago,Afternoon,Wednesday,19.0984,72.9262,Mumbai,Maharashtra,"Vikhroli East, Mumbai",2,33.47231506,0.77,76.46236262,81.41249705,4.950134430000006,0.0,0.0,0.24890170745936954,0.029893257373537763,0.48258797345392845,0.0,0.10526315789473684,0.2718134749360749
"vn_purav_marg_diamond_garden,_basant_garden,_chembur_mumbai,_maharashtra,chembur","VN Purav Marg Diamond Garden, Basant Garden, Chembur Mumbai, Maharashtra,Chembur",Magenta,59.98647673,59.98647673,2.56,23.41792115,2,TATA Curvv,Afternoon,Monday,19.05231631,72.90163581,Mumbai,Maharashtra,"VN Purav Marg Diamond Garden, Basant Garden, Chembur Mumbai, Maharashtra,Chembur",4,62.181804584999995,3.3899999999999997,51.841862355,97.46916655,45.627304194999994,0.0,0.1111111111111111,0.4820266788652898,0.11619798430681613,0.7492407738897786,0.0,0.21052631578947367,0.4018225257509387
"vn_purav_marg_diamond_garden,_basant_garden,_chembur_mumbai,_maharashtra,chembur","VN Purav Marg Diamond Garden, Basant Garden, Chembur Mumbai, Maharashtra,Chembur",Statiq,64.37713244,64.37713244,4.22,15.2565692,2,TATA Curvv,Afternoon,Monday,19.05231631,72.90163581,Mumbai,Maharashtra,"VN Purav Marg Diamond Garden, Basant Garden, Chembur Mumbai, Maharashtra,Chembur",4,62.181804584999995,3.3899999999999997,51.841862355,97.46916655,45.627304194999994,0.0,0.1111111111111111,0.5206313875333045,0.19623477017790109,0.7492407738897786,0.0,0.21052631578947367,0.4194773815050508
"wadala_truck_terminal,_mumbai","Wadala Truck Terminal, Mumbai",Magenta,43.4665651,43.4665651,1.87,23.22301592,1,Hyundai Kona,Evening,Friday,19.0188,72.8571,Mumbai,Maharashtra,"Wadala Truck Terminal, Mumbai",11,43.4665651,1.87,70.60042408,89.35441576,18.75399168,0.0,0.0,0.33677585123947784,0.08292968174594346,0.5730769925718792,0.0,0.5789473684210527,0.24160637460708778
"western_express_hwy,_yashodham,_goregaon,_mumbai,_maharashtra_400063","Western Express Hwy, Yashodham, Goregaon, Mumbai, Maharashtra 400063",EVteQ,51.49234638,51.49234638,1.46,35.21951804,3,TATA Tiago,Night,Friday,19.1737611,72.8600172,Mumbai,Maharashtra,"Western Express Hwy, Yashodham, Goregaon, Mumbai, Maharashtra 400063",1,61.22922656666666,8.375383990000001,61.08188938999999,78.35344134,17.27155195000001,0.0,0.2222222222222222,0.4073422924755651,0.06316155993441043,0.5633590916518897,0.0,0.05263157894736842,0.41253863379578826
"western_express_hwy,_yashodham,_goregaon,_mumbai,_maharashtra_400063","Western Express Hwy, Yashodham, Goregaon, Mumbai, Maharashtra 400063",Jio-bp Pulse,59.25460166,59.25460166,18.38615197,26.50712322,3,TATA Tiago,Night,Friday,19.1737611,72.8600172,Mumbai,Maharashtra,"Western Express Hwy, Yashodham, Goregaon, Mumbai, Maharashtra 400063",1,61.22922656666666,8.375383990000001,61.08188938999999,78.35344134,17.27155195000001,0.0,0.2222222222222222,0.47559168925898054,0.8792548134550929,0.5633590916518897,0.0,0.05263157894736842,0.5112103083437104
"western_express_hwy,_yashodham,_goregaon,_mumbai,_maharashtra_400063","Western Express Hwy, Yashodham, Goregaon, Mumbai, Maharashtra 400063",Volttic,72.94073166,72.94073166,5.28,13.82503559,3,TATA Tiago,Night,Friday,19.1737611,72.8600172,Mumbai,Maharashtra,"Western Express Hwy, Yashodham, Goregaon, Mumbai, Maharashtra 400063",1,61.22922656666666,8.375383990000001,61.08188938999999,78.35344134,17.27155195000001,0.0,0.2222222222222222,0.5959265768793481,0.24734259730040117,0.5633590916518897,0.0,0.05263157894736842,0.4781028086333331
"world_trade_centre_one,_lower_parel,_mumbai","World Trade Centre One, Lower Parel, Mumbai",Fortum,125.889893075,41.96329769166667,1.1733333333333331,31.34531767,3,TATA Curvv,Evening,Wednesday,19.0012,72.8281,Mumbai,Maharashtra,"World Trade Centre One, Lower Parel, Mumbai",16,41.96329769166667,1.1733333333333333,62.80584145333333,64.0984427,1.2926012466666776,0.0,0.2222222222222222,0.3235584176300388,0.04933994631008651,0.45861158887119247,0.0,0.8421052631578947,0.2560773256732908
"worli_sea_face_promenade,_worli,_mumbai","Worli Sea Face Promenade, Worli, Mumbai",Volttic,6.337534265,6.337534265,1.47,4.315961671,1,Hyundai Kona,Morning,Wednesday,19.0053,72.8157,Mumbai,Maharashtra,"Worli Sea Face Promenade, Worli, Mumbai",7,6.337534265,1.47,44.29225743,55.5236463,11.231388870000004,0.0,0.0,0.010319961007331242,0.06364370924688685,0.5237637508335354,0.0,0.3684210526315789,0.18224576590681496
